form	lemma	POS	morph
༄༅། །		PUNCT
ཤེས་རབ་	ཤེས་རབ་	NOUN
ཀྱི་	གི་	PART
ཕ་རོལ་	ཕ་རོལ་	NOUN
ཏུ་	ལ་	PART
ཕྱིན་པ་	ཕྱིན་པ་	VERB
ཟབ་མོ་	ཟབ་མོ་	ADJ
གཅོད་	གཅོད་	NO_POS
ཀྱི་	གི་	PART
མན་ངག་	མན་ངག་	NOUN
གི་	གི་	PART
གཞུང་	གཞུང་	NOUN
བཀའ་	བཀའ་	NOUN
ཚོམས་ཆེན་	ཚོམས་ཆེན་	NO_POS
མོ་	གོ་	PART
བཞུགས་	བཞུགས་	VERB
སོ་	གོ་	PART
། །		PUNCT
མཛད་པ་པོ་	མཛད་པ་པོ་	VERB
།		PUNCT
མ་	མ་	PART
གཅིག་	གཅིག་	NUM
ལབ་	ལབ་	VERB
ཀྱི་	གི་	PART
སྒྲོན་མ་	སྒྲོན་མ་	NOUN
"།
༄༅། །"		PUNCT
པྲཝ་		NON_WORD
ག་	ག་	PRON
ཉྫོནཱ་		NON_WORD
ཤ་	ཤ་	NOUN
གྲནྠོ་		NON_WORD
"། །
༄༅། །"		PUNCT
ཤེས་རབ་	ཤེས་རབ་	NOUN
ཀྱི་	གི་	PART
ཕ་རོལ་	ཕ་རོལ་	NOUN
ཏུ་	ལ་	PART
ཕྱིན་པ་	ཕྱིན་པ་	VERB
ཟབ་མོ་	ཟབ་མོ་	ADJ
གཅོད་	གཅོད་	NO_POS
ཀྱི་	གི་	PART
མན་ངག་	མན་ངག་	NOUN
གི་	གི་	PART
གཞུང་	གཞུང་	NOUN
བཀའ་	བཀའ་	NOUN
ཚོམས་ཆེན་	ཚོམས་ཆེན་	NO_POS
མོ་	གོ་	PART
བཞུགས་	བཞུགས་	VERB
སོ་	གོ་	PART
། །		PUNCT
མི་སྨྲ་	མི་སྨྲ་	NO_POS
མི་	མི་	PART
བསམ་	བསམ་	NOUN
བསམ་	བསམ་	NOUN
དུ་	ལ་	PART
མེད་པ་	མེད་པ་	VERB
འི་	གི་	PART
ངང་	ངང་	NOUN
། །		PUNCT
ཡུལ་	ཡུལ་	NOUN
འདའ་	འདའ་	VERB
དམིགས་མེད་	དམིགས་མེད་	NO_POS
དབྱིངས་	དབྱིངས་	NOUN
ལ་	ལ་	PART
ཕྱག་	ཕྱག་	NOUN
འཚལ་	འཚལ་	VERB
ལོ་	གོ་	PART
། ། ༈		PUNCT
གཅོད་	གཅོད་	NO_POS
ཀྱི་	གི་	PART
བཀའ་	བཀའ་	NOUN
ཚོམས་ཆེན་	ཚོམས་ཆེན་	NO_POS
མོ་	གོ་	PART
འདི་	འདི་	DET
། ། ༈		PUNCT
འགའ་	འགའ་	DET
ལ་	ལ་	PART
ཕན་	ཕན་	NOUN
སྙམ་	སྙམ་	VERB
ཡི་གེ་	ཡི་གེ་	NOUN
ར་	ལ་	PART
དགོད་	དགོད་	VERB
། ། ༈		PUNCT
བདུད་	བདུད་	NOUN
ཀྱི་	གི་	PART
རྩ་བ་	རྩ་བ་	NOUN
རང་	རང་	PRON
གི་	གི་	PART
སེམས་	སེམས་	NOUN
། །		PUNCT
ཡུལ་	ཡུལ་	NOUN
སྣང་	སྣང་	VERB
ཅིར་	ཅིར་	NO_POS
ཡང་	ཀྱང་	PART
རིག་པ་	རིག་པ་	VERB
ལ་	ལ་	PART
། །		PUNCT
ཞེན་	ཞེན་	VERB
ཅིང་	ཅིང་	PART
ཆགས་པ་	ཆགས་པ་	VERB
ས་	གིས་	PART
བདུད་	བདུད་	NOUN
ཀྱིས་	གིས་	PART
ཟིན་	ཟིན་	VERB
། །		PUNCT
སེམས་	སེམས་	NOUN
ལ་	ལ་	PART
ཡུལ་	ཡུལ་	NOUN
དུ་	ལ་	PART
བཟུང་བ་	བཟུང་བ་	VERB
ས་	གིས་	PART
བསླད་	བསླད་	NO_POS
། ། ༈		PUNCT
བདུད་	བདུད་	NOUN
ལ་	ལ་	PART
རྣམ་པ་	རྣམ་པ་	NOUN
བཞི་	བཞི་	NUM
རུ་	ལ་	PART
དབྱེ་	དབྱེ་	VERB
། །		PUNCT
ཐོགས་བཅས་	ཐོགས་བཅས་	NO_POS
ཕྱི་ཡུལ་	ཕྱི་ཡུལ་	OTHER
ལ་	ལ་	PART
བརྟེན་པ་	བརྟེན་པ་	VERB
།		PUNCT
མཆན་	མཆན་	NOUN
།		PUNCT
བདུད་	བདུད་	NOUN
དང་	དང་	NO_POS
ཐོགས་མེད་	ཐོགས་མེད་	PROPN
ནང་	ནང་	NOUN
གི་	གི་	PART
བློ་	བློ་	NOUN
ས་	གིས་	PART
བརྟགས་	བརྟགས་	VERB
ལ་	ལ་	PART
བརྟེན་པ་	བརྟེན་པ་	VERB
།		PUNCT
མཆན་	མཆན་	NOUN
།		PUNCT
བདུད་	བདུད་	NOUN
། །		PUNCT
དགའ་བྲོད་	དགའ་བྲོད་	NO_POS
ཡོན་ཏན་	ཡོན་ཏན་	NOUN
མངོན་ཞེན་	མངོན་ཞེན་	NOUN
ལ་	ལ་	PART
བརྟེན་པ་	བརྟེན་པ་	VERB
།		PUNCT
མཆན་	མཆན་	NOUN
།		PUNCT
བདུད་	བདུད་	NOUN
དང་	དང་	NO_POS
སྙེམས་བྱེད་	སྙེམས་བྱེད་	NO_POS
གཉིས་	གཉིས་	NUM
འཛིན་	འཛིན་	VERB
གྱི་	གི་	PART
རྣམ་རྟོག་	རྣམ་རྟོག་	NOUN
མཆན་	མཆན་	NOUN
།		PUNCT
བདུད་	བདུད་	NOUN
། །		PUNCT
དེ་ཡང་	དེ་ཡང་	ADV
སྙེམས་བྱེད་	སྙེམས་བྱེད་	NO_POS
བདུད་	བདུད་	NOUN
དུ་	ལ་	PART
འདུ་	འདུ་	VERB
། ། ༈		PUNCT
ཐོགས་བཅས་	ཐོགས་བཅས་	NO_POS
བདུད་	བདུད་	NOUN
ལ་	ལ་	PART
གྲངས་	གྲངས་	NOUN
མང་	མང་	VERB
ཡང་	ཀྱང་	PART
། །		PUNCT
དབང་པོ་	དབང་པོ་	NOUN
འི་	གི་	PART
ངོ་	གོ་	PART
ལ་	ལ་	PART
སྣང་བ་	སྣང་བ་	VERB
ལ་	ལ་	PART
། །		PUNCT
དགག་སྒྲུབ་	དགག་སྒྲུབ་	OTHER
དཔྱད་པ་	དཔྱད་པ་	VERB
ས་	གིས་	PART
ཐོགས་བཅས་	ཐོགས་བཅས་	NO_POS
བདུད་	བདུད་	NOUN
། །		PUNCT
ངེས་པ་		
བཟུངས་པ་	བཟུངས་པ་	NON_WORD
ས་	གིས་	PART
འཁོར་བ་	འཁོར་བ་	NOUN
ར་	ལ་	PART
བཅིངས་	བཅིངས་	VERB
། ། ༈		PUNCT
གཟུགས་	གཟུགས་	NOUN
ནི་	ནི་	NO_POS
གཟུགས་	གཟུགས་	NOUN
ཀྱི་	གི་	PART
ངོ་བོ་	ངོ་བོ་	NOUN
ས་	གིས་	PART
སྟོང་	སྟོང་	NUM
། །		PUNCT
གཟུགས་	གཟུགས་	NOUN
ལ་མ་	ལ་མ་	NO_POS
ཆགས་	ཆགས་	VERB
སྟོང་པ་	སྟོང་པ་	VERB
ར་	ལ་	PART
བསྒོམ་	བསྒོམ་	VERB
། །		PUNCT
གཟུགས་	གཟུགས་	NOUN
ལ་	ལ་	PART
ངེས་པ་		
མ་ཆགས་པ་	མ་ཆགས་པ་	NO_POS
ས་	གིས་	PART
། །		PUNCT
རྟག་པ་	རྟག་པ་	VERB
ར་	ལ་	PART
འཛིན་པ་	འཛིན་པ་	VERB
འི་	གི་	PART
བདུད་	བདུད་	NOUN
ལ་	ལ་	ADP
ས་	གིས་	PART
གྲོལ་	གྲོལ་	VERB
། །		PUNCT
སྟོང་པ་	སྟོང་པ་	VERB
ཡིད་	ཡིད་	NOUN
ལ་མ་	ལ་མ་	NO_POS
བསྒོམས་པ་	བསྒོམས་པ་	VERB
ས་	གིས་	PART
། །		PUNCT
ཆད་པ་	ཆད་པ་	VERB
འི་	གི་	PART
བདུད་	བདུད་	NOUN
ལ་	ལ་	ADP
ས་	གིས་	PART
ངེས་པ་		
གྲོལ་	གྲོལ་	VERB
། །		PUNCT
གཟུགས་	གཟུགས་	NOUN
སྣང་	སྣང་	VERB
དགག་	དགག་	VERB
ཏུ་	ལ་	PART
མི་	མི་	PART
བཏུབ་		NON_WORD
སྟེ་	སྟེ་	PART
༑ །		PUNCT
ངེས་པ་		
མ་	མ་	PART
བཟུངས་		NON_WORD
རང་སྣང་	རང་སྣང་	NO_POS
འོད་	འོད་	NOUN
། །		PUNCT
སྒྲ་	སྒྲ་	NOUN
དང་	དང་	NO_POS
དྲི་	དྲི་	NOUN
དང་	དང་	NO_POS
རོ་	རོ་	NOUN
དང་	དང་	NO_POS
རེག་	རེག་	VERB
།		PUNCT
ཡིད་	ཡིད་	NOUN
ལ་སོགས་པ་	ལ་སོགས་པ་	NO_POS
དེ་བཞིན་	དེ་བཞིན་	OTHER
གྲོལ་	གྲོལ་	VERB
། །		PUNCT
ཡིད་	ཡིད་	NOUN
ནི་	ནི་	NO_POS
ཐོགས་མེད་	ཐོགས་མེད་	PROPN
བདུད་	བདུད་	NOUN
ཡིན་	ཡིན་	NO_POS
ཏེ་	སྟེ་	PART
། །		PUNCT
དབང་པོ་	དབང་པོ་	NOUN
འི་	གི་	PART
སྒོ་	སྒོ་	NOUN
ལ་	ལ་	ADP
ས་	གིས་	PART
བྱུང་བ་	བྱུང་བ་	VERB
ས་	གིས་	PART
ན་	ལ་	PART
། །		PUNCT
ཐོགས་བཅས་	ཐོགས་བཅས་	NO_POS
བདུད་	བདུད་	NOUN
དུ་	ལ་	PART
བསྟན་པ་	བསྟན་པ་	VERB
ཡིན་	ཡིན་	NO_POS
། །		PUNCT
དབང་པོ་	དབང་པོ་	NOUN
འི་	གི་	PART
ངོ་	ངོ་	NOUN
ལ་	ལ་	PART
སྣང་བ་	སྣང་བ་	VERB
རྣམས་	རྣམས་	DET
། །		PUNCT
རང་གྲོལ་	རང་གྲོལ་	NOUN
དགོངས་པ་	དགོངས་པ་	VERB
ས་	གིས་	PART
ཐད་ཀ་	ཐད་ཀ་	NOUN
ར་	ལ་	PART
བཅད་	བཅད་	VERB
། །		PUNCT
དབྱེ་	དབྱེ་	VERB
ར་	ལ་	PART
མེད་	མེད་	VERB
གཏི་མུག་	གཏི་མུག་	NOUN
ཆེན་པོ་	ཆེན་པོ་	ADJ
ར་	ལ་	PART
བསྒྱུར་	བསྒྱུར་	VERB
། ། ༈		PUNCT
ཐོགས་མེད་	ཐོགས་མེད་	PROPN
བདུད་	བདུད་	NOUN
ཀྱི་	གི་	PART
བྱུང་ཚུལ་	བྱུང་ཚུལ་	VERB
ནི་	ནི་	NO_POS
། །		PUNCT
ཡིད་	ཡིད་	NOUN
ཡུལ་	ཡུལ་	NOUN
བྱུང་ཚུལ་	བྱུང་ཚུལ་	VERB
བཟང་	བཟང་	VERB
དང་	དང་	NO_POS
ངན་	ངན་	VERB
། །		PUNCT
རང་	རང་	PRON
གི་	གི་	PART
རྟོག་པ་	རྟོག་པ་	VERB
ས་	གིས་	PART
ཕྱེས་པ་	ཕྱེས་པ་	VERB
རྣམས་	རྣམས་	DET
༑ །		PUNCT
ཐོགས་མེད་	ཐོགས་མེད་	PROPN
བདུད་	བདུད་	NOUN
དུ་	ལ་	PART
བསྟན་པ་	བསྟན་པ་	VERB
ཡིན་	ཡིན་	NO_POS
། །		PUNCT
རང་བྱུང་	རང་བྱུང་	NOUN
སེམས་ལས་	སེམས་ལས་	NOUN
མ་གཏོགས་པ་	མ་གཏོགས་པ་	NO_POS
། །		PUNCT
ལྷ་	ལྷ་	NOUN
བཟང་	བཟང་	VERB
ལྷ་	ལྷ་	NOUN
རུ་འཛིན་པ་	རུ་འཛིན་པ་	NO_POS
དང་	དང་	NO_POS
། །		PUNCT
འདྲེ་	འདྲེ་	NOUN
ངན་	ངན་	VERB
འདྲེ་	འདྲེ་	NOUN
རུ་འཛིན་པ་	རུ་འཛིན་པ་	NO_POS
དང་	དང་	NO_POS
༑ །		PUNCT
ཡིད་	ཡིད་	NOUN
ཀྱི་	གི་	PART
རེ་	རེ་	DET
དྭོགས་		NON_WORD
འགྱུ་	འགྱུ་	NO_POS
བྱེད་	བྱེད་	VERB
རྣམས་	རྣམས་	DET
། །		PUNCT
རང་	རང་	PRON
བདུད་	བདུད་	NOUN
རང་	རང་	PRON
ལ་	ལ་	PART
ལྷོངས་པ་	ལྷོངས་པ་	NO_POS
ཡིན་	ཡིན་	NO_POS
། ། ༈		PUNCT
ཆོས་དབྱིངས་	ཆོས་དབྱིངས་	NOUN
ཀློང་ཆེན་	ཀློང་ཆེན་	PROPN
དྭངས་གསལ་	དྭངས་གསལ་	OTHER
ལ་	ལ་	ADP
ས་	གིས་	PART
། །		PUNCT
དྲན་རྟོག་	དྲན་རྟོག་	NO_POS
ཅིར་	ཅིར་	NO_POS
ཡང་	ཀྱང་	PART
འཆར་བ་	འཆར་བ་	VERB
ཡིན་	ཡིན་	NO_POS
། །		PUNCT
དཔེར་ན་	དཔེར་ན་	NO_POS
རྒྱ་མཚོ་	རྒྱ་མཚོ་	NOUN
གཡོ་མེད་	གཡོ་མེད་	ADJ
ལ་	ལ་	ADP
ས་	གིས་	PART
། །		PUNCT
རྦ་རླབས་	རྦ་རླབས་	OTHER
ལ་སོགས་	ལ་སོགས་	NO_POS
འབྱུང་བ་	འབྱུང་བ་	VERB
བཞིན་	བཞིན་	NOUN
། །		PUNCT
དེ་ལྟ་	དེ་ལྟ་	NO_POS
རྟོགས་པ་	རྟོགས་པ་	VERB
འི་	གི་	PART
སྐྱེས་བུ་	སྐྱེས་བུ་	NOUN
ཡི་	གིས་	PART
། །		PUNCT
བཅས་བཅོས་	བཅས་བཅོས་	NOUN
མི་	མི་	PART
དགོས་	དགོས་	VERB
རང་ས་	རང་ས་	OTHER
ར་	ལ་	PART
ཞོག་	ཞོག་	VERB
།		PUNCT
ཕན་གནོད་	ཕན་གནོད་	NOUN
མི་	མི་	PART
འབྱུང་	འབྱུང་	VERB
དབྱིངས་	དབྱིངས་	NOUN
སུ་	ལ་	PART
གྲོལ་	གྲོལ་	VERB
། །		PUNCT
ཆོས་ཉིད་	ཆོས་ཉིད་	NOUN
དབྱིངས་	དབྱིངས་	NOUN
ན་	ནས་	PART
རང་	རང་	PRON
ཤ་	ཤ་	VERB
ལ་	ལ་	PART
། །		PUNCT
ཕྲག་དོག་	ཕྲག་དོག་	NOUN
དགག་	དགག་	VERB
བསྒྲུབ་བྱ་	བསྒྲུབ་བྱ་	VERB
ར་	ལ་	PART
མི་རིགས་	མི་རིགས་	NOUN
། །		PUNCT
དགག་	དགག་	VERB
བསྒྲུབ་	བསྒྲུབ་	VERB
མ་	མ་	PART
བྱ་	བྱ་	VERB
རང་བྱུང་	རང་བྱུང་	NOUN
སེམས་	སེམས་	NOUN
། ། ༈		PUNCT
དགའ་བྲོད་	དགའ་བྲོད་	NO_POS
བདུད་	བདུད་	NOUN
ཀྱི་	གི་	PART
བྱུང་ཚུལ་	བྱུང་ཚུལ་	VERB
ནི་	ནི་	NO_POS
། །		PUNCT
ཐུན་མོང་	ཐུན་མོང་	ADJ
བདུད་	བདུད་	NOUN
དང་	དང་	NO_POS
མཆོག་	མཆོག་	ADJ
གི་	གི་	PART
བདུད་	བདུད་	NOUN
། །		PUNCT
རིགས་	རིགས་	NOUN
འཁྲུལ་	འཁྲུལ་	NO_POS
སེམས་ལས་	སེམས་ལས་	NOUN
བྱུང་བ་	བྱུང་བ་	VERB
ཡིན་	ཡིན་	NO_POS
། ། ༈		PUNCT
གཉན་ས་	གཉན་ས་	NO_POS
ར་	ལ་	PART
འདྲེ་	འདྲེ་	NOUN
ཡི་	གིས་	PART
མ་	མ་	PART
ཚུགས་པ་	ཚུགས་པ་	VERB
ས་	གིས་	PART
། །		PUNCT
རློམ་སེམས་	རློམ་སེམས་	NOUN
སྐྱེས་པ་	སྐྱེས་པ་	VERB
དགའ་བྲོད་	དགའ་བྲོད་	NO_POS
བདུད་	བདུད་	NOUN
། །		PUNCT
བྱིན་	བྱིན་	VERB
བརླབས་	བརླབས་	NO_POS
ནུས་པ་	ནུས་པ་	VERB
འི་	གི་	PART
རྟགས་	རྟགས་	NOUN
བྱུང་བ་	བྱུང་བ་	VERB
ས་	གིས་	PART
། །		PUNCT
བསོད་ནམས་	བསོད་ནམས་	NOUN
ནོར་རྫས་	ནོར་རྫས་	NOUN
གཡེང་བ་	གཡེང་བ་	VERB
འི་	གི་	PART
བདུད་	བདུད་	NOUN
། །		PUNCT
ཁེ་གྲགས་	ཁེ་གྲགས་	NO_POS
དགྲ་གཉེན་	དགྲ་གཉེན་	NOUN
སྤྲོ་བ་	སྤྲོ་བ་	VERB
འི་	གི་	PART
བདུད་	བདུད་	NOUN
། །		PUNCT
ལྷ་འདྲེ་	ལྷ་འདྲེ་	NOUN
ས་	གིས་	PART
དངོས་གྲུབ་	དངོས་གྲུབ་	NOUN
སྟེར་བ་	སྟེར་བ་	VERB
དང་	དང་	NO_POS
། །		PUNCT
བུ་	བུ་	NOUN
དང་	དང་	NO_POS
མཛའ་བཤེས་	མཛའ་བཤེས་	OTHER
འཁོར་	འཁོར་	NOUN
འདུ་	འདུ་	VERB
ལ་	ལ་	PART
། །		PUNCT
དགའ་	དགའ་	VERB
ཞིང་	ཅིང་	PART
བྲོད་པ་	བྲོད་པ་	VERB
ས་	གིས་	PART
དགའ་བྲོད་	དགའ་བྲོད་	NO_POS
བདུད་	བདུད་	NOUN
། ། ༈		PUNCT
ཡོན་ཏན་	ཡོན་ཏན་	NOUN
ཅི་	ཅི་	NO_POS
བྱུང་	བྱུང་	VERB
ཅི་	ཅི་	NO_POS
ཤ་	ཤ་	VERB
ཡང་	ཀྱང་	PART
། །		PUNCT
ཡུལ་	ཡུལ་	NOUN
སེམས་	སེམས་	NOUN
གཉིས་	གཉིས་	NUM
སུ་	ལ་	PART
མེད་པ་	མེད་པ་	VERB
འི་	གི་	PART
བློ་	བློ་	NOUN
ས་	གིས་	PART
། །		PUNCT
ཡོན་ཏན་	ཡོན་ཏན་	NOUN
དག་	དག་	DET
ཏུ་	ལ་	PART
མི་	མི་	PART
གཟུང་བ་	གཟུང་བ་	VERB
ར་	ལ་	PART
། །		PUNCT
རྨི་ལམ་	རྨི་ལམ་	NOUN
དག་	དག་	DET
གི་	གི་	PART
ཡུལ་	ཡུལ་	NOUN
བཞིན་	བཞིན་	NOUN
དུ་	ལ་	PART
། །		PUNCT
རང་བཞིན་	རང་བཞིན་	NOUN
ཞེན་པ་	ཞེན་པ་	VERB
མེད་པ་	མེད་པ་	VERB
ར་	ལ་	PART
སྤྱད་	སྤྱད་	VERB
། །		PUNCT
མཚའ་	མཚའ་	VERB
མོ་	མོ་	PRON
འི་	གི་	PART
བྱད་	བྱད་	NO_POS
ཀྱིས་	གིས་	PART
རང་	རང་	PRON
མཛེ་	མཛེ་	VERB
ལྟ་	ལྟ་	OTHER
། །		PUNCT
རང་བྱུང་	རང་བྱུང་	NOUN
རང་	རང་	PRON
ལ་	ལ་	PART
བརྒྱན་པ་	བརྒྱན་པ་	VERB
ཡིན་	ཡིན་	NO_POS
། །		PUNCT
དེ་	སྟེ་	PART
ལ་	ལ་	PART
རློམས་	རློམས་	NO_POS
སེམས་	སེམས་	NOUN
སྐྱེ་	སྐྱེ་	NOUN
རྒྱུ་	རྒྱུ་	NOUN
མེད་	མེད་	VERB
། །		PUNCT
སྐྱེ་	སྐྱེ་	VERB
ན་	ལ་	PART
རིགས་	རིགས་	NOUN
འཁྲུལ་	འཁྲུལ་	NO_POS
འཛིན་པ་	འཛིན་པ་	VERB
ས་	གིས་	PART
བསླད་	བསླད་	NO_POS
། །		PUNCT
འཛིན་	འཛིན་	VERB
མེད་	མེད་	VERB
རང་ལུགས་	རང་ལུགས་	NOUN
སྤྱོད་	སྤྱོད་	VERB
མཆོག་	མཆོག་	ADJ
འདི་	འདི་	DET
། །		PUNCT
བློ་ལྡན་	བློ་ལྡན་	NOUN
རྣམས་	རྣམས་	DET
ཀྱི་	གི་	PART
ཐུགས་	ཐུགས་	NOUN
ལ་	ལ་	PART
སྦོ་	སྦོ་	VERB
། ། ༈		PUNCT
མཆོག་	མཆོག་	ADJ
གི་	གི་	PART
བདུད་	བདུད་	NOUN
ལ་	ལ་	PART
རྣམ་པ་	རྣམ་པ་	NOUN
གཉིས་	གཉིས་	NUM
། །		PUNCT
ལམ་	གམ་	PART
དང་	དང་	NO_POS
འབྲས་བུ་	འབྲས་བུ་	NOUN
གཉིས་	གཉིས་	NUM
སུ་	ལ་	PART
བསྟན་	བསྟན་	VERB
། ། ༈		PUNCT
སྤྲོས་བྲལ་	སྤྲོས་བྲལ་	ADJ
ལྟ་བ་	ལྟ་བ་	VERB
ས་	གིས་	PART
བྲོད་པ་	བྲོད་པ་	VERB
དང་	དང་	NO_POS
། །		PUNCT
མཉམ་ཉིད་	མཉམ་ཉིད་	NOUN
སྒོམ་པ་	སྒོམ་པ་	VERB
ས་	གིས་	PART
བྲོད་པ་	བྲོད་པ་	VERB
དང་	དང་	NO_POS
། ། ༈		PUNCT
རྟོག་	རྟོག་	VERB
མེད་	མེད་	VERB
སྤྱོད་པ་	སྤྱོད་པ་	VERB
ས་	གིས་	PART
བྲོད་པ་	བྲོད་པ་	VERB
དང་	དང་	NO_POS
། །		PUNCT
ཉམས་ལེན་	ཉམས་ལེན་	NOUN
ལམ་	གམ་	PART
གྱིས་	གིས་	PART
བྲོད་པ་	བྲོད་པ་	VERB
རྣམས་	རྣམས་	DET
། །		PUNCT
བག་ཙམ་	བག་ཙམ་	OTHER
ཡུལ་	ཡུལ་	NOUN
དུ་	ལ་	PART
སྤྱད་པ་	སྤྱད་པ་	VERB
ས་	གིས་	PART
ན་	ལ་	PART
༑ །		PUNCT
ལམ་	གམ་	PART
དུ་	ལ་	PART
མི་	མི་	PART
འགྲོ་	འགྲོ་	VERB
བདུད་	བདུད་	NOUN
ཀྱི་	གི་	PART
ལ་	ལ་	ADP
ས་	གིས་	PART
། ། ༈		PUNCT
ལྟ་	ལྟ་	NOUN
སྒོམ་	སྒོམ་	VERB
བརྡ་	བརྡ་	NOUN
རུ་	ལ་	PART
བསྟན་པ་	བསྟན་པ་	VERB
ལ་	ལ་	ADP
ས་	གིས་	PART
། །		PUNCT
ངེས་པ་		
ཡིད་	ཡིད་	NOUN
ལ་	ལ་	PART
བྱ་	བྱ་	VERB
རྒྱུ་	རྒྱུ་	NOUN
མེད་	མེད་	VERB
། །		PUNCT
མ་	མ་	PART
འགག་	འགག་	VERB
ས་	གིས་	PART
ཅིར་	ཅིར་	NO_POS
ཡང་	ཀྱང་	PART
འཆར་བ་	འཆར་བ་	VERB
ལ་	ལ་	PART
༑ །		PUNCT
ལྟ་བ་	ལྟ་བ་	VERB
འི་	གི་	PART
བསམ་པ་	བསམ་པ་	VERB
མ་	མ་	PART
འཆའ་བ་	འཆའ་བ་	VERB
ར་	ལ་	PART
། །		PUNCT
མཉམ་	མཉམ་	VERB
ཤར་ཕྱོགས་	ཤར་ཕྱོགས་	NOUN
མེད་	མེད་	VERB
དབྱིངས་	དབྱིངས་	NOUN
སུ་	ལ་	PART
བསྐྱུར་	བསྐྱུར་	NO_POS
། །		PUNCT
མི་ལྟ་བ་	མི་ལྟ་བ་	NO_POS
ནི་	ནི་	NO_POS
གཅོད་	གཅོད་	NO_POS
ཀྱི་	གི་	PART
མཆོག་	མཆོག་	ADJ
། ༈		PUNCT
ཀུན་	ཀུན་	DET
ཀྱང་	ཀྱང་	PART
རང་བྱུང་	རང་བྱུང་	NOUN
སེམས་	སེམས་	NOUN
ཡིན་པ་	ཡིན་པ་	AUX
ས་	གིས་	PART
། །		PUNCT
སྒོམ་	སྒོམ་	VERB
མཁན་	མཁན་	PROPN
གཅིག་	གཅིག་	NUM
གིས་	གིས་	PART
བསྒོམ་	བསྒོམ་	VERB
དུ་	ལ་	PART
མེད་	མེད་	VERB
། །		PUNCT
ཅི་	ཅི་	NO_POS
བྱུང་	བྱུང་	VERB
རང་	རང་	PRON
ཤ་	ཤ་	VERB
བྱུང་	བྱུང་	VERB
ཚོ་	ཚོ་	VERB
རྣམས་	རྣམས་	DET
། །		PUNCT
ལྷན་ནེ་	ལྷན་ནེ་	ADJ
ལྷང་ངེ་	ལྷང་ངེ་	ADJ
ལྷམ་མེར་	ལྷམ་མེར་	ADJ
བཞག་	བཞག་	VERB
།		PUNCT
དོན་	དོན་	NOUN
མི་འགྱུར་བ་	མི་འགྱུར་བ་	NO_POS
ས་	གིས་	PART
ལྷན་ནེ་བ་	ལྷན་ནེ་བ་	ADJ
། །		PUNCT
ངེས་པ་		
རྟོགས་པ་	རྟོགས་པ་	VERB
ས་	གིས་	PART
ལྷང་ངེ་བ་	ལྷང་ངེ་བ་	ADJ
། །		PUNCT
རང་ས་	རང་ས་	OTHER
ར་	ལ་	PART
གྲོལ་བ་	གྲོལ་བ་	VERB
ས་	གིས་	PART
ལྷམ་	ལྷམ་	NOUN
མེ་བ་	མེ་བ་	NOUN
། །		PUNCT
དཔེར་ན་	དཔེར་ན་	NO_POS
མ་	མ་	NOUN
ལ་མ་	ལ་མ་	NO_POS
ར་	ལ་	PART
བཞག་	བཞག་	VERB
བཞིན་	བཞིན་	NOUN
། །		PUNCT
མ་	མ་	PART
བསྒོམས་པ་	བསྒོམས་པ་	VERB
ཡི་	གི་	PART
བསམ་གཏན་	བསམ་གཏན་	NOUN
ཏེ་	སྟེ་	PART
༑ །		PUNCT
དེ་	སྟེ་	PART
ནི་	ནི་	NO_POS
སྒོམ་པ་	སྒོམ་པ་	VERB
འི་	གི་	PART
མཆོག་	མཆོག་	ADJ
ཡིན་	ཡིན་	NO_POS
ནོ་	གོ་	PART
། ། ༈		PUNCT
རང་	རང་	PRON
སྤྱོད་	སྤྱོད་	VERB
ཤུགས་	ཤུགས་	NOUN
འབྱུང་	འབྱུང་	VERB
རང་གྲོལ་	རང་གྲོལ་	NOUN
ལ་	ལ་	PART
། །		PUNCT
ཆེད་	ཆེད་	NOUN
དུ་	ལ་	PART
བྱ་	བྱ་	VERB
ན་	ནས་	PART
སྤྱད་	སྤྱད་	VERB
དུ་	ལ་	PART
མེད་	མེད་	VERB
། །		PUNCT
མཉམ་	མཉམ་	VERB
ཤ་	ཤ་	VERB
གཉེན་པོ་	གཉེན་པོ་	NOUN
ས་	གིས་	PART
བཟུང་	བཟུང་	NO_POS
དུ་	ལ་	PART
མེད་	མེད་	VERB
༑ །		PUNCT
གཅུད་	གཅུད་	NO_POS
དཔེ་	དཔེ་	NOUN
ར་	ལ་	PART
ལ་ལ་	ལ་ལ་	PRON
ར་	ལ་	PART
བདུད་	བདུད་	NOUN
ཟེར་བ་	ཟེར་བ་	VERB
འདུག་	འདུག་	VERB
མཆན་	མཆན་	NOUN
།		PUNCT
ཀྱང་	ཀྱང་	PART
རང་བྱུང་	རང་བྱུང་	NOUN
ཡིན་	ཡིན་	NO_POS
ཤེ་	ཤེ་	VERB
ན་	ལ་	PART
། །		PUNCT
རང་	རང་	PRON
ལ་	ལ་	PART
རང་གྲོལ་	རང་གྲོལ་	NOUN
བཀག་པ་	བཀག་པ་	VERB
མེད་	མེད་	VERB
། །		PUNCT
རྟོགས་པ་	རྟོགས་པ་	VERB
འི་	གི་	PART
ཁྱད་པར་	ཁྱད་པར་	NOUN
བཙན་པ་	བཙན་པ་	VERB
ས་	གིས་	PART
ན་	ལ་	PART
། །		PUNCT
ངེས་པ་		
སྤྱོད་པ་	སྤྱོད་པ་	VERB
དགག་	དགག་	VERB
ཏུ་	ལ་	PART
མེད་	མེད་	VERB
། །		PUNCT
མ་	མ་	PART
རྟོགས་	རྟོགས་	VERB
སྤྱོད་པ་	སྤྱོད་པ་	VERB
མི་	མི་	PART
བྱ་	བྱ་	VERB
སྟེ་	སྟེ་	PART
། །		PUNCT
གདམས་ངག་	གདམས་ངག་	NOUN
འདི་	འདི་	DET
ཡི་	གི་	PART
བཞེད་ལུགས་	བཞེད་ལུགས་	NO_POS
ཀྱིས་	གིས་	PART
། །		PUNCT
དམ་པ་	དམ་པ་	VERB
འི་	གི་	PART
བྱིན་རླབས་	བྱིན་རླབས་	NOUN
གདིང་	གདིང་	NO_POS
ལྡན་	ལྡན་	VERB
གྱིས་	གིས་	PART
། །		PUNCT
རྣམ་རྟོག་	རྣམ་རྟོག་	NOUN
དག་	དག་	DET
ལ་	ལ་	PART
ཐོག་	ཐོག་	NOUN
བརྫིས་	བརྫིས་	NO_POS
བྱ་	བྱ་	VERB
། །		PUNCT
རིམ་གྱིས་	རིམ་གྱིས་	NO_POS
བྱིན་རླབས་	བྱིན་རླབས་	NOUN
ཞུགས་	ཞུགས་	VERB
ན་	ནས་	PART
ནི་	ནི་	NO_POS
། །		PUNCT
ངེས་པ་		
རྟོགས་པ་	རྟོགས་པ་	VERB
འཆར་བ་	འཆར་བ་	VERB
ར་	ལ་	PART
འགྱུར་	འགྱུར་	VERB
། །		PUNCT
ངེས་པ་		
གསུངས་པ་	གསུངས་པ་	VERB
འི་	གི་	PART
གདམས་ངག་	གདམས་ངག་	NOUN
འདི་	འདི་	DET
། །		PUNCT
སྤྱོད་ཡུལ་	སྤྱོད་ཡུལ་	NOUN
ཀུན་	ཀུན་	DET
ལ་	ལ་	ADP
ས་	གིས་	PART
འདས་པ་	འདས་པ་	VERB
ཡིན་	ཡིན་	NO_POS
། །		PUNCT
མི་	མི་	PART
སྤྱོད་	སྤྱོད་	VERB
སྤྱོད་པ་	སྤྱོད་པ་	VERB
འི་	གི་	PART
མཆོག་	མཆོག་	ADJ
ཏུ་	ལ་	PART
གསུངས་	གསུངས་	VERB
། ། ༈		PUNCT
ཉམས་	ཉམས་	NOUN
སུ་	ལ་	PART
གང་ཡང་	གང་ཡང་	NO_POS
མི་	མི་	PART
ལེན་	ལེན་	VERB
ན་	ལ་	PART
། །		PUNCT
དེ་	སྟེ་	PART
ཡི་	གིས་	PART
ཉམས་	ཉམས་	NOUN
སུ་	ལ་	PART
བླངས་པ་	བླངས་པ་	VERB
ཡིན་	ཡིན་	NO_POS
། །		PUNCT
ཉམས་	ཉམས་	NOUN
ནི་	ནི་	NO_POS
ཤེས་བྱ་	ཤེས་བྱ་	VERB
བློ་	བློ་	NOUN
ཡི་	གི་	PART
ཉམས་	ཉམས་	NOUN
། །		PUNCT
ཡང་དག་	ཡང་དག་	ADJ
དོན་	དོན་	NOUN
དུ་	ལ་	PART
མྱང་	མྱང་	VERB
དུ་	ལ་	PART
མེད་	མེད་	VERB
། །		PUNCT
སྐྱེ་	སྐྱེ་	NOUN
མེད་	མེད་	VERB
ལོགས་	ལོགས་	NOUN
ན་	ནས་	PART
བླང་	བླང་	NO_POS
དུ་	ལ་	PART
མེད་	མེད་	VERB
། །		PUNCT
ཉམས་	ཉམས་	NOUN
སུ་	ལ་	PART
བླངས་པ་	བླངས་པ་	VERB
ས་	གིས་	PART
ཆོས་ཉིད་	ཆོས་ཉིད་	NOUN
ཉམས་	ཉམས་	NOUN
། །		PUNCT
བློ་	བློ་	NOUN
སྣང་ཡུལ་	སྣང་ཡུལ་	OTHER
དུ་	ལ་	PART
བཅད་པ་	བཅད་པ་	VERB
ས་	གིས་	PART
བློ་	བློ་	NOUN
ས་	གིས་	PART
། །		PUNCT
ཡུལ་	ཡུལ་	NOUN
དུ་མ་	དུ་མ་	ADJ
ཆགས་ཉམས་	ཆགས་ཉམས་	NO_POS
ལེན་	ལེན་	VERB
ནི་	ནི་	NO_POS
། །		PUNCT
ཐར་པ་	ཐར་པ་	VERB
འི་	གི་	PART
ལམ་མཆོག་	ལམ་མཆོག་	OTHER
བླ་མ་	བླ་མ་	NOUN
འི་	གི་	PART
ཞལ་	ཞལ་	NOUN
། ། ༈		PUNCT
འབྲས་བུ་	འབྲས་བུ་	NOUN
འི་	གི་	PART
བདུད་	བདུད་	NOUN
ནི་	ནི་	NO_POS
འདི་བཞིན་	འདི་བཞིན་	NO_POS
ནོ་	གོ་	PART
། །		PUNCT
ཉན་ཐོས་	ཉན་ཐོས་	NOUN
རང་རྒྱལ་	རང་རྒྱལ་	NOUN
ལ་སོགས་པ་	ལ་སོགས་པ་	NO_POS
འི་	གི་	PART
། །		PUNCT
གྲུབ་མཐའ་	གྲུབ་མཐའ་	NOUN
ཐེག་པ་	ཐེག་པ་	NOUN
འི་	གི་	PART
འབྲས་བུ་	འབྲས་བུ་	NOUN
ནི་	ནི་	NO_POS
། །		PUNCT
སྐུ་གསུམ་	སྐུ་གསུམ་	OTHER
ངེས་པ་		
འཐོབ་	འཐོབ་	VERB
འདོད་པ་	འདོད་པ་	VERB
ས་	གིས་	PART
། །		PUNCT
འདོད་པ་	འདོད་པ་	VERB
དང་	དང་	NO_POS
བཅའ་	བཅའ་	VERB
བྲོད་པ་	བྲོད་པ་	VERB
ས་	གིས་	PART
བདུད་	བདུད་	NOUN
༑ ། ༈		PUNCT
ལུས་ངག་	ལུས་ངག་	NOUN
ཡིད་	ཡིད་	NOUN
གསུམ་	གསུམ་	NUM
རང་བཞིན་	རང་བཞིན་	NOUN
ལ་	ལ་	PART
། །		PUNCT
སྐུ་གསུམ་	སྐུ་གསུམ་	OTHER
འབྲས་བུ་	འབྲས་བུ་	NOUN
ར་	ལ་	PART
བསྟན་པ་	བསྟན་པ་	VERB
ལ་	ལ་	ADP
ས་	གིས་	PART
། །		PUNCT
སངས་རྒྱས་	སངས་རྒྱས་	NOUN
ལོགས་	ལོགས་	NOUN
ན་	ནས་	PART
བསྒྲུབ་	བསྒྲུབ་	VERB
ཏུ་	ལ་	PART
མེད་	མེད་	VERB
། །		PUNCT
རང་	རང་	PRON
ལ་	ལ་	ADP
ས་	གིས་	PART
སྤངས་	སྤངས་	VERB
ཏེ་	སྟེ་	PART
བཙལ་	བཙལ་	NO_POS
གྱུར་	གྱུར་	VERB
ན་	ལ་	PART
། །		PUNCT
བསྐལ་བ་	བསྐལ་བ་	NOUN
བྱེ་བ་	བྱེ་བ་	NOUN
དུ་མ་	དུ་མ་	ADJ
ར་	ལ་	PART
ཡང་	ཀྱང་	PART
། །		PUNCT
བསྒྲུབས་པ་	བསྒྲུབས་པ་	VERB
ས་	གིས་	PART
ཐོབ་པ་	ཐོབ་པ་	VERB
ར་	ལ་	PART
མི་འགྱུར་བ་	མི་འགྱུར་བ་	NO_POS
ས་	གིས་	PART
། །		PUNCT
མི་	མི་	PART
བཙལ་	བཙལ་	NO_POS
མི་	མི་	PART
བསྒྲུབ་	བསྒྲུབ་	VERB
རང་བཞིན་	རང་བཞིན་	NOUN
བཞག་	བཞག་	VERB
།		PUNCT
རེ་བ་	རེ་བ་	VERB
མེད་པ་	མེད་པ་	VERB
གཅོད་	གཅོད་	NO_POS
ཀྱི་	གི་	PART
གདེང་	གདེང་	NOUN
། །		PUNCT
མི་	མི་	PART
རེ་	རེ་	DET
དྭོགས་པ་	དྭོགས་པ་	NON_WORD
འི་	གི་	PART
མཐའ་	མཐའ་	NOUN
དང་	དང་	NO_POS
བྲལ་	བྲལ་	VERB
། །		PUNCT
འཛིན་པ་	འཛིན་པ་	VERB
འི་	གི་	PART
ཐག་པ་	ཐག་པ་	NOUN
བཅས་པ་	བཅས་པ་	VERB
ལ་	ལ་	ADP
ས་	གིས་	PART
། །		PUNCT
ངེས་པ་		
སངས་རྒྱས་	སངས་རྒྱས་	NOUN
ག་ལ་	ག་ལ་	NO_POS
མཆིས་	མཆིས་	VERB
། ། ༈		PUNCT
བདུད་	བདུད་	NOUN
ལ་	ལ་	PART
བཞི་	བཞི་	NUM
རུ་	ལ་	PART
ཕྱེ་	ཕྱེ་	VERB
ལགས་	ལགས་	AUX
ཀྱང་	ཀྱང་	PART
། །		PUNCT
སྙེམས་བྱེད་	སྙེམས་བྱེད་	NO_POS
བདུད་	བདུད་	NOUN
དུ་	ལ་	PART
འདུས་པ་	འདུས་པ་	VERB
ཡིན་	ཡིན་	NO_POS
། ། ༈		PUNCT
དངོས་པོ་	དངོས་པོ་	NOUN
འི་	གི་	PART
ཡུལ་	ཡུལ་	NOUN
ལ་	ལ་	PART
སྙེམས་	སྙེམས་	NO_POS
ཞུགས་པ་	ཞུགས་པ་	VERB
ས་	གིས་	PART
། །		PUNCT
ཐོགས་བཅས་	ཐོགས་བཅས་	NO_POS
བདུད་	བདུད་	NOUN
དུ་	ལ་	PART
བསྟན་པ་	བསྟན་པ་	VERB
ཡིན་	ཡིན་	NO_POS
༑ ། ༈		PUNCT
དངོས་པོ་	དངོས་པོ་	NOUN
འི་	གི་	PART
ཡུལ་	ཡུལ་	NOUN
གྱི་	གི་	PART
ཆགས་སྡང་	ཆགས་སྡང་	NOUN
རྣམས་	རྣམས་	DET
། །		PUNCT
རྩ་བ་	རྩ་བ་	NOUN
སྙེམས་	སྙེམས་	NO_POS
སུ་	ལ་	PART
རྟོགས་	རྟོགས་	VERB
ཙམ་	ཙམ་	DET
ན་	ལ་	PART
། །		PUNCT
དཔེར་ན་	དཔེར་ན་	NO_POS
རྩིག་	རྩིག་	VERB
གསེབ་	གསེབ་	NOUN
དུ་བ་	དུ་བ་	NOUN
ཡང་	ཀྱང་	PART
། །		PUNCT
ཐབ་	ཐབ་	NO_POS
ཀྱི་	གི་	PART
མེ་	མེ་	NOUN
བུ་	བུ་	VERB
རང་	རང་	PRON
ཞི་	ཞི་	VERB
ལྟ་	ལྟ་	OTHER
༑ །		PUNCT
སྙེམས་	སྙེམས་	NO_POS
ཐག་	ཐག་	VERB
ཆོད་པ་	ཆོད་པ་	VERB
ས་	གིས་	PART
དངོས་འཛིན་	དངོས་འཛིན་	NOUN
གྲོལ་	གྲོལ་	VERB
། །		PUNCT
འགོག་པ་	འགོག་པ་	VERB
བཞིན་	བཞིན་	NOUN
དུ་	ལ་	PART
ཡུལ་མི་	ཡུལ་མི་	NOUN
དགག་	དགག་	VERB
།		PUNCT
རྩ་	རྩ་	NUM
བྲལ་	བྲལ་	VERB
རྟོགས་པ་	རྟོགས་པ་	VERB
ས་	གིས་	PART
ཐོགས་བཅས་	ཐོགས་བཅས་	NO_POS
བདུད་	བདུད་	NOUN
། །		PUNCT
ངེས་པ་		
བདུད་	བདུད་	NOUN
རྣམས་	རྣམས་	DET
ཆོད་པ་	ཆོད་པ་	VERB
ཡིན་	ཡིན་	NO_POS
། །		PUNCT
དཔེར་ན་	དཔེར་ན་	NO_POS
སྒྱུ་མ་	སྒྱུ་མ་	NOUN
མཁན་པོ་	མཁན་པོ་	NOUN
བཞིན་	བཞིན་	NOUN
། །		PUNCT
སྣང་	སྣང་	VERB
ཡང་	ཀྱང་	PART
ཆགས་སེམས་	ཆགས་སེམས་	OTHER
མི་	མི་	PART
འབྱུང་	འབྱུང་	VERB
ངོ་	གོ་	PART
། །		PUNCT
དེ་བ་	དེ་བ་	OTHER
ས་	གིས་	PART
སྙེམས་	སྙེམས་	NO_POS
ཀྱི་	གི་	PART
ཐག་པ་	ཐག་པ་	NOUN
ཆོད་	ཆོད་	VERB
། །		PUNCT
བཅད་པ་	བཅད་པ་	VERB
ས་	གིས་	PART
ཆོད་པ་	ཆོད་པ་	VERB
མ་	མ་	PART
ཡིན་ཡང་	ཡིན་ཡང་	NO_POS
། །		PUNCT
རྩ་	རྩ་	NUM
བྲལ་	བྲལ་	VERB
རྟོགས་	རྟོགས་	VERB
ན་	ལ་	PART
ཟུང་	ཟུང་	VERB
མི་	མི་	PART
ཐུབ་	ཐུབ་	VERB
། །		PUNCT
ཆོས་དབྱིངས་	ཆོས་དབྱིངས་	NOUN
ཀློང་	ཀློང་	NOUN
དུ་	ལ་	PART
གྲོལ་བ་	གྲོལ་བ་	VERB
ར་	ལ་	PART
འགྱུར་	འགྱུར་	VERB
། །		PUNCT
རྩི་	རྩི་	NOUN
གདབ་	གདབ་	NO_POS
མེད་པ་	མེད་པ་	VERB
འི་	གི་	PART
ལ་	ལ་	PART
བཟླ་	བཟླ་	NO_POS
གཅེ་	གཅེ་	VERB
། ། ༈		PUNCT
ཐོགས་མེད་	ཐོགས་མེད་	PROPN
བདུད་	བདུད་	NOUN
ཀྱང་	ཀྱང་	PART
སྙེམས་	སྙེམས་	NO_POS
སུ་	ལ་	PART
འདུ་	འདུ་	VERB
། །		PUNCT
དུག་	དུག་	NOUN
ལྔ་	ལྔ་	NUM
ལ་སོགས་	ལ་སོགས་	NO_POS
ཉོན་མོངས་	ཉོན་མོངས་	NOUN
དང་	དང་	NO_POS
། །		PUNCT
མཐོང་	མཐོང་	VERB
མེད་	མེད་	VERB
འདྲེ་	འདྲེ་	NOUN
ལ་	ལ་	PART
འཇིགས་པ་	འཇིགས་པ་	VERB
དང་	དང་	NO_POS
། །		PUNCT
དངོས་མེད་	དངོས་མེད་	NOUN
ལྷ་	ལྷ་	NOUN
ལ་	ལ་	PART
རེ་བ་	རེ་བ་	VERB
དང་	དང་	NO_POS
། །		PUNCT
དེ་བཞིན་	དེ་བཞིན་	OTHER
ཡིད་	ཡིད་	NOUN
ཡུལ་	ཡུལ་	NOUN
རེ་	རེ་	DET
དྭོགས་		NON_WORD
རྣམས་	རྣམས་	DET
། །		PUNCT
སྙེམས་བྱེད་	སྙེམས་བྱེད་	NO_POS
ལ་	ལ་	ADP
ས་	གིས་	PART
བྱུང་	བྱུང་	VERB
སྙེམས་	སྙེམས་	NO_POS
ཀྱི་	གི་	PART
བདུད་	བདུད་	NOUN
། ། ༈		PUNCT
ཞེ་སྡང་	ཞེ་སྡང་	NOUN
རང་ས་	རང་ས་	OTHER
ར་	ལ་	PART
གྲོལ་བ་	གྲོལ་བ་	VERB
ཡང་	ཀྱང་	PART
། །		PUNCT
སྙེམས་བྱེད་	སྙེམས་བྱེད་	NO_POS
རྩ་བ་	རྩ་བ་	NOUN
ཆོད་	ཆོད་	VERB
ལ་	ལ་	ADP
ས་	གིས་	PART
བྱུང་	བྱུང་	VERB
། །		PUNCT
བཙོ་	བཙོ་	NO_POS
བསྲེག་	བསྲེག་	VERB
དམྱལ་བ་	དམྱལ་བ་	NOUN
འི་	གི་	PART
བདུད་	བདུད་	NOUN
ལ་	ལ་	ADP
ས་	གིས་	PART
ཐ་	ཐ་	VERB
། །		PUNCT
མེ་ལོང་	མེ་ལོང་	NOUN
ལྟ་བུ་	ལྟ་བུ་	NOUN
འི་	གི་	PART
ཡེ་ཤེས་	ཡེ་ཤེས་	NOUN
ཐོབ་	ཐོབ་	VERB
། །		PUNCT
འདོད་ཆགས་	འདོད་ཆགས་	NOUN
རང་ས་	རང་ས་	OTHER
ར་	ལ་	PART
གྲོལ་བ་	གྲོལ་བ་	VERB
ཡང་	ཀྱང་	PART
། །		PUNCT
སྙེམས་བྱེད་	སྙེམས་བྱེད་	NO_POS
རྩ་བ་	རྩ་བ་	NOUN
ཆོད་	ཆོད་	VERB
ལ་	ལ་	ADP
ས་	གིས་	PART
བྱུང་	བྱུང་	VERB
། །		PUNCT
བཀྲེས་སྐོམ་	བཀྲེས་སྐོམ་	NOUN
ཡི་དྭགས་	ཡི་དྭགས་	NOUN
བདུད་	བདུད་	NOUN
ལ་	ལ་	ADP
ས་	གིས་	PART
ཐ་	ཐ་	VERB
། །		PUNCT
སོ་སོ་	སོ་སོ་	PRON
ར་	ལ་	PART
རྟོགས་པ་	རྟོགས་པ་	VERB
འི་	གི་	PART
ཡེ་ཤེས་	ཡེ་ཤེས་	NOUN
ཐོབ་	ཐོབ་	VERB
། །		PUNCT
གཏི་མུག་	གཏི་མུག་	NOUN
རང་ས་	རང་ས་	OTHER
ར་	ལ་	PART
གྲོལ་བ་	གྲོལ་བ་	VERB
ཡང་	ཀྱང་	PART
། །		PUNCT
སྙེམས་	སྙེམས་	NO_POS
ཀྱི་	གི་	PART
རྩ་བ་	རྩ་བ་	NOUN
ཆོད་	ཆོད་	VERB
ལ་	ལ་	ADP
ས་	གིས་	PART
བྱུང་	བྱུང་	VERB
། །		PUNCT
བཀོལ་སྤྱོད་	བཀོལ་སྤྱོད་	OTHER
བྱོལ་སོང་	བྱོལ་སོང་	NOUN
བདུད་	བདུད་	NOUN
ལ་	ལ་	ADP
ས་	གིས་	PART
ཐ་	ཐ་	VERB
། །		PUNCT
ཆོ་	ཆོ་	NOUN
ཀྱི་	གི་	PART
དབྱིངས་	དབྱིངས་	NOUN
ཀྱི་	གི་	PART
ཡེ་ཤེས་	ཡེ་ཤེས་	NOUN
ཐོབ་	ཐོབ་	VERB
། །		PUNCT
ཕྲག་དོག་	ཕྲག་དོག་	NOUN
རང་ས་	རང་ས་	OTHER
ར་	ལ་	PART
གྲོལ་པ་	གྲོལ་པ་	VERB
ཡང་	ཀྱང་	PART
། །		PUNCT
སྙེམས་	སྙེམས་	NO_POS
ཀྱི་	གི་	PART
རྩ་བ་	རྩ་བ་	NOUN
ཆོད་	ཆོད་	VERB
ལ་	ལ་	ADP
ས་	གིས་	PART
བྱུང་	བྱུང་	VERB
། །		PUNCT
འགྱུར་བྱེད་	འགྱུར་བྱེད་	NO_POS
མི་	མི་	PART
ཡི་	གི་	PART
བདུད་	བདུད་	NOUN
ལ་	ལ་	ADP
ས་	གིས་	PART
ཐ་	ཐ་	VERB
། །		PUNCT
བྱ་བ་	བྱ་བ་	VERB
གྲུབ་པ་	གྲུབ་པ་	VERB
འི་	གི་	PART
ཡེ་ཤེས་	ཡེ་ཤེས་	NOUN
ཐོབ་	ཐོབ་	VERB
། །		PUNCT
ང་རྒྱལ་	ང་རྒྱལ་	NOUN
རང་ས་	རང་ས་	OTHER
ར་	ལ་	PART
གྲོལ་བ་	གྲོལ་བ་	VERB
ཡང་	ཀྱང་	PART
། །		PUNCT
སྙེམས་	སྙེམས་	NO_POS
ཀྱི་	གི་	PART
རྩ་བ་	རྩ་བ་	NOUN
ཆོད་	ཆོད་	VERB
ལ་	ལ་	ADP
ས་	གིས་	PART
བྱུང་	བྱུང་	VERB
། །		PUNCT
འཐབ་རྩོད་	འཐབ་རྩོད་	NOUN
ལྟུང་བ་	ལྟུང་བ་	VERB
འི་	གི་	PART
བདུད་	བདུད་	NOUN
ལ་	ལ་	ADP
ས་	གིས་	PART
ཐ་	ཐ་	VERB
༑ །		PUNCT
མཉམ་པ་ཉིད་	མཉམ་པ་ཉིད་	NOUN
ཀྱི་	གི་	PART
ཡེ་ཤེས་	ཡེ་ཤེས་	NOUN
ཐོབ་	ཐོབ་	VERB
། །		PUNCT
སྙེམས་	སྙེམས་	NO_POS
ཐག་	ཐག་	VERB
མ་	མ་	PART
ཆོད་	ཆོད་	VERB
དུག་	དུག་	NOUN
ལྔ་	ལྔ་	NUM
ཡང་	ཀྱང་	PART
། །		PUNCT
སྙེམས་	སྙེམས་	NO_POS
ཆོད་	ཆོད་	VERB
རང་གྲོལ་	རང་གྲོལ་	NOUN
ཡེ་ཤེས་	ཡེ་ཤེས་	NOUN
སོ་	གོ་	PART
། ། ༈		PUNCT
དེས་ན་	དེས་ན་	NO_POS
ཐམས་ཅད་	ཐམས་ཅད་	DET
སྙེམས་	སྙེམས་	NO_POS
སུ་	ལ་	PART
འདུ་	འདུ་	VERB
༑ །		PUNCT
གངས་དཀར་	གངས་དཀར་	NOUN
སྟོད་	སྟོད་	NOUN
ཀྱི་	གི་	PART
སེངྒེ་		NON_WORD
བཞིན་	བཞིན་	NOUN
། །		PUNCT
ཉམ་ང་	ཉམ་ང་	NOUN
བག་ཚ་	བག་ཚ་	NOUN
མ་	མ་	PART
བྱས་པ་	བྱས་པ་	VERB
ར་	ལ་	PART
། །		PUNCT
སྙེམས་	སྙེམས་	NO_POS
མེད་	མེད་	VERB
གདེང་	གདེང་	NOUN
དང་	དང་	NO_POS
ལྡན་	ལྡན་	VERB
གྱུར་	གྱུར་	VERB
ན་	ལ་	PART
། །		PUNCT
སྣང་སྲིད་	སྣང་སྲིད་	NOUN
ལྷ་འདྲེ་	ལྷ་འདྲེ་	NOUN
ས་	གིས་	PART
ལྡང་	ལྡང་	NO_POS
མི་	མི་	PART
ནུས་	ནུས་	VERB
། །		PUNCT
བརྒྱ་ལ་	བརྒྱ་ལ་	NO_POS
ལངས་	ལངས་	VERB
ཀྱང་	ཀྱང་	PART
གདམས་ངག་	གདམས་ངག་	NOUN
གསལ་	གསལ་	VERB
། །		PUNCT
རང་	རང་	PRON
གི་	གི་	PART
ཆོ་འཕྲུལ་	ཆོ་འཕྲུལ་	NOUN
ཡིན་	ཡིན་	NO_POS
ཤེ་	ཤེ་	VERB
ན་	ལ་	PART
། །		PUNCT
ངེས་པ་		
རྩལ་	རྩལ་	NOUN
སྦྱོང་	སྦྱོང་	VERB
ཆེན་པོ་	ཆེན་པོ་	ADJ
ར་	ལ་	PART
འགྲོ་	འགྲོ་	VERB
། །		PUNCT
དྲན་	དྲན་	VERB
རྒྱུན་	རྒྱུན་	NOUN
བཅད་	བཅད་	VERB
ན་	ནས་	PART
མི་	མི་	PART
བསྒོམས་	བསྒོམས་	VERB
ཏེ་	སྟེ་	PART
། །		PUNCT
རང་	རང་	PRON
ཤ་	ཤ་	VERB
རྟོགས་པ་	རྟོགས་པ་	VERB
ས་	གིས་	PART
ཆོག་པ་	ཆོག་པ་	VERB
ཡིན་	ཡིན་	NO_POS
། །		PUNCT
ནད་རིམས་	ནད་རིམས་	NO_POS
ལ་སོགས་	ལ་སོགས་	NO_POS
དེ་བཞིན་	དེ་བཞིན་	OTHER
མཚུངས་	མཚུངས་	VERB
། །		PUNCT
རྩ་	རྩ་	NUM
བྲལ་	བྲལ་	VERB
རྟོགས་	རྟོགས་	VERB
ན་	ནས་	PART
ཆོད་པ་	ཆོད་པ་	VERB
འདི་	འདི་	DET
། །		PUNCT
གདམས་ངག་	གདམས་ངག་	NOUN
ཀུན་	ཀུན་	DET
ལ་	ལ་	ADP
ས་	གིས་	PART
ཁྱད་པར་	ཁྱད་པར་	NOUN
འཕགས་	འཕགས་	VERB
༑ ། ༈		PUNCT
རྟོགས་	རྟོགས་	VERB
ཀྱང་	ཀྱང་	PART
ཐད་ཀ་	ཐད་ཀ་	NOUN
ར་	ལ་	PART
མ་	མ་	PART
བཅད་	བཅད་	VERB
ན་	ལ་	PART
། །		PUNCT
མཚོན་	མཚོན་	NOUN
རྣོན་	རྣོན་	NO_POS
ཚ་ངར་	ཚ་ངར་	NO_POS
བོར་བ་	བོར་བ་	VERB
བཞིན་	བཞིན་	NOUN
། །		PUNCT
ལྟ་བ་	ལྟ་བ་	VERB
ས་	གིས་	PART
མི་	མི་	PART
སྐྱོབས་	སྐྱོབས་	VERB
ཉམ་ང་	ཉམ་ང་	NOUN
ས་	གིས་	PART
འཆིང་	འཆིང་	NO_POS
། །		PUNCT
ལྟ་སྤྱོད་	ལྟ་སྤྱོད་	NOUN
འཛོམས་པ་	འཛོམས་པ་	VERB
འི་	གི་	PART
རྣལ་འབྱོར་	རྣལ་འབྱོར་	NOUN
ནི་	ནི་	NO_POS
། །		PUNCT
དཔའ་བོ་	དཔའ་བོ་	NOUN
དག་	དག་	DET
ལ་	ལ་	PART
མཚོན་	མཚོན་	NOUN
བསྐུར་པ་	བསྐུར་པ་	NO_POS
ས་	གིས་	PART
། །		PUNCT
དགྲ་	དགྲ་	NOUN
དཔུང་	དཔུང་	NOUN
ཐམས་ཅད་	ཐམས་ཅད་	DET
འཇོམས་པ་	འཇོམས་པ་	VERB
བཞིན་	བཞིན་	NOUN
། །		PUNCT
བདུད་	བདུད་	NOUN
རྣམས་	རྣམས་	DET
སྙེམས་	སྙེམས་	NO_POS
མེད་	མེད་	VERB
དབྱིངས་	དབྱིངས་	NOUN
སུ་	ལ་	PART
འཇོམས་	འཇོམས་	NO_POS
༑ ། ༈		PUNCT
ཨེ་མ་ཧོ་	ཨེ་མ་ཧོ་	INTJ
།		PUNCT
རང་	རང་	PRON
སྙེམས་	སྙེམས་	NO_POS
ཆོད་པ་	ཆོད་པ་	VERB
ས་	གིས་	PART
བདུད་	བདུད་	NOUN
རྣམས་	རྣམས་	DET
ཞི་	ཞི་	VERB
། །		PUNCT
རྩ་	རྩ་	NUM
བྲལ་	བྲལ་	VERB
རྟོགས་པ་	རྟོགས་པ་	VERB
ས་	གིས་	PART
མངོན་	མངོན་	VERB
སངས་	སངས་	VERB
རྒྱ་	རྒྱ་	NOUN
། །		PUNCT
དེ་ཡང་	དེ་ཡང་	ADV
རང་	རང་	PRON
ཐད་	ཐད་	NOUN
ལྷུག་པ་	ལྷུག་པ་	NO_POS
ར་	ལ་	PART
ཞོག་	ཞོག་	VERB
།		PUNCT
ཀུན་	ཀུན་	DET
ཀྱང་	ཀྱང་	PART
དེ་བཞིན་	དེ་བཞིན་	OTHER
བཞག་པ་	བཞག་པ་	VERB
ར་	ལ་	PART
བྱོས་	བྱོས་	VERB
། ། ༈		PUNCT
དགའ་བྲོད་	དགའ་བྲོད་	NO_POS
བདུད་	བདུད་	NOUN
ཀྱང་	ཀྱང་	PART
སྙེམས་	སྙེམས་	NO_POS
སུ་	ལ་	PART
འདུ་	འདུ་	VERB
། །		PUNCT
ཐུན་མོང་	ཐུན་མོང་	ADJ
ཆོ་	ཆོ་	NOUN
ལ་	ལ་	PART
དགའ་བྲོད་	དགའ་བྲོད་	NO_POS
དང་	དང་	NO_POS
། །		PUNCT
འབྲས་བུ་	འབྲས་བུ་	NOUN
མཆོག་	མཆོག་	ADJ
ལ་	ལ་	PART
དགའ་བྲོད་པ་	དགའ་བྲོད་པ་	NO_POS
། །		PUNCT
རང་	རང་	PRON
གི་	གི་	PART
སྙེམས་	སྙེམས་	NO_POS
ལ་	ལ་	ADP
ས་	གིས་	PART
བྱུང་བ་	བྱུང་བ་	VERB
ཡིན་	ཡིན་	NO_POS
། །		PUNCT
ངེས་པ་		
ཆགས་	ཆགས་	VERB
ན་	ལ་	PART
བདུད་	བདུད་	NOUN
དུ་	ལ་	PART
འགྱུར་	འགྱུར་	VERB
། ། ༈		PUNCT
ཆགས་པ་	ཆགས་པ་	VERB
མེད་པ་	མེད་པ་	VERB
འི་	གི་	PART
རང་	རང་	PRON
ཤ་	ཤ་	VERB
ནི་	ནི་	NO_POS
། །		PUNCT
སྙེམས་	སྙེམས་	NO_POS
མེད་	མེད་	VERB
ཆོས་སྐུ་	ཆོས་སྐུ་	NOUN
འི་	གི་	PART
རྒྱན་	རྒྱན་	NOUN
དུ་	ལ་	PART
གསུངས་	གསུངས་	VERB
། ། ༈		PUNCT
སྐུ་གསུམ་	སྐུ་གསུམ་	OTHER
འབྲས་བུ་	འབྲས་བུ་	NOUN
རང་	རང་	PRON
ཡིན་པ་	ཡིན་པ་	AUX
ས་	གིས་	PART
། །		PUNCT
གཞན་	གཞན་	DET
དུ་	ལ་	PART
བྲོད་པ་	བྲོད་པ་	VERB
བསྐྱེད་	བསྐྱེད་	VERB
མི་	མི་	PART
དགོས་	དགོས་	VERB
། ། ༈		PUNCT
འཁོར་བ་	འཁོར་བ་	NOUN
རང་ས་	རང་ས་	OTHER
ར་	ལ་	PART
གྲོལ་བ་	གྲོལ་བ་	VERB
ལ་	ལ་	ADP
ས་	གིས་	PART
། །		PUNCT
མྱང་འདས་	མྱང་འདས་	NOUN
ལོགས་	ལོགས་	NOUN
ན་	ནས་	PART
བཙལ་	བཙལ་	NO_POS
དུ་	ལ་	PART
མེད་	མེད་	VERB
། །		PUNCT
རྟོག་པ་	རྟོག་པ་	VERB
རང་གཟུགས་	རང་གཟུགས་	OTHER
ཤར་པ་ལ་	ཤར་པ་ལ་	NO_POS
ས་	གིས་	PART
། །		PUNCT
རྟོག་	རྟོག་	VERB
མེད་	མེད་	VERB
ཆེད་	ཆེད་	NOUN
དུ་	ལ་	PART
བསྒོམ་	བསྒོམ་	VERB
དུ་	ལ་	PART
མེད་	མེད་	VERB
། །		PUNCT
དེ་བ་	དེ་བ་	OTHER
ས་	གིས་	PART
ཐམས་ཅད་	ཐམས་ཅད་	DET
སྙེམས་	སྙེམས་	NO_POS
ཡིན་པ་	ཡིན་པ་	AUX
ས་	གིས་	PART
། །		PUNCT
སྙེམས་	སྙེམས་	NO_POS
ཐག་	ཐག་	VERB
གཅོད་པ་	གཅོད་པ་	VERB
ང་	ང་	PRON
ཡི་	གིས་	PART
སྨྲ་	སྨྲ་	VERB
ས་	གིས་	PART
། །		PUNCT
དྭངས་མ་	དྭངས་མ་	ADJ
ར་	ལ་	PART
བཞག་པ་	བཞག་པ་	VERB
ཀུན་	ཀུན་	DET
ན་	ནས་	PART
གསུངས་	གསུངས་	VERB
། །		PUNCT
དྭངས་མ་	དྭངས་མ་	ADJ
འི་	གི་	PART
སེམས་	སེམས་	NOUN
ལ་	ལ་	PART
ངོས་བཟུང་	ངོས་བཟུང་	NOUN
མེད་	མེད་	VERB
། ། ༈		PUNCT
དཔེ་	དཔེ་	NOUN
ཡི་	གིས་	PART
གཏན་	གཏན་	NOUN
ལ་	ལ་	PART
དབབ་པ་	དབབ་པ་	VERB
ནི་	ནི་	NO_POS
། །		PUNCT
གདམས་ངག་	གདམས་ངག་	NOUN
ཐོབ་པ་	ཐོབ་པ་	VERB
འི་	གི་	PART
རྣལ་འབྱོར་	རྣལ་འབྱོར་	NOUN
རྣམས་	རྣམས་	DET
། །		PUNCT
བྱ་བྱེའུ་	བྱ་བྱེའུ་	NO_POS
ས་	གིས་	PART
ཕྲུག་གུ་	ཕྲུག་གུ་	NOUN
གསོ་བ་	གསོ་བ་	VERB
བཞིན་	བཞིན་	NOUN
། །		PUNCT
གདམས་ངག་	གདམས་ངག་	NOUN
མཆུ་	མཆུ་	NOUN
ས་	གིས་	PART
སྐྱེལ་	སྐྱེལ་	NO_POS
བྱ་	བྱ་	VERB
གྱུར་	གྱུར་	VERB
ན་	ལ་	PART
། །		PUNCT
སྟོན་	སྟོན་	VERB
བྱེའུ་	བྱེའུ་	NOUN
ལྟོག་		NON_WORD
གྲི་	གྲི་	NOUN
ར་	ལ་	PART
ཤི་བ་	ཤི་བ་	VERB
བཞིན་	བཞིན་	NOUN
། །		PUNCT
རང་ཉིད་	རང་ཉིད་	OTHER
འཁོར་བ་	འཁོར་བ་	NOUN
ར་	ལ་	PART
འཁྱམས་པ་	འཁྱམས་པ་	VERB
ར་	ལ་	PART
ངེས་	ངེས་	VERB
། ། ༈		PUNCT
འབྲི་	འབྲི་	VERB
བཟང་	བཟང་	VERB
བེའུ་	བེའུ་	NOUN
ཆུང་	ཆུང་	VERB
གསོ་བ་	གསོ་བ་	VERB
ལྟ་	ལྟ་	OTHER
། །		PUNCT
རང་	རང་	PRON
འགྲངས་	འགྲངས་	NO_POS
རོགས་	རོགས་	OTHER
ཀྱི་	གི་	PART
དོན་	དོན་	NOUN
བྱ་	བྱ་	VERB
ན་	ལ་	PART
། །		PUNCT
བེའུ་	བེའུ་	NOUN
ཆུང་	ཆུང་	VERB
ལ་སོགས་	ལ་སོགས་	NO_POS
འཚོ་བ་	འཚོ་བ་	VERB
བཞིན་	བཞིན་	NOUN
། །		PUNCT
རང་	རང་	PRON
གི་	གི་	PART
སྙེམས་	སྙེམས་	NO_POS
ཐག་	ཐག་	VERB
ཆོད་	ཆོད་	VERB
གྱུར་	གྱུར་	VERB
ན་	ལ་	PART
། །		PUNCT
སེམས་ཅན་	སེམས་ཅན་	NOUN
ངེས་པ་		
གྲོལ་བ་	གྲོལ་བ་	VERB
ར་	ལ་	PART
འགྱུར་	འགྱུར་	VERB
། །		PUNCT
གཞན་དོན་	གཞན་དོན་	NOUN
འགྲུབ་	འགྲུབ་	VERB
འགྱུར་	འགྱུར་	VERB
ཐེ་ཚོམ་	ཐེ་ཚོམ་	NOUN
མེད་	མེད་	VERB
༑ ། ༈		PUNCT
ཁྱུང་ཆེན་	ཁྱུང་ཆེན་	NOUN
ནམ་མཁ་	ནམ་མཁའ་	NOUN
ར་	ལ་	PART
ལྡིང་བ་	ལྡིང་བ་	VERB
ཡི་	གིས་	PART
། །		PUNCT
གླིང་བཞི་	གླིང་བཞི་	NO_POS
བྱ་རྩོལ་	བྱ་རྩོལ་	NOUN
མེད་པ་	མེད་པ་	VERB
ར་	ལ་	PART
མཐོང་	མཐོང་	VERB
། །		PUNCT
ངམ་གྲོག་	ངམ་གྲོག་	NO_POS
གཡང་ས་	གཡང་ས་	NO_POS
ར་	ལ་	PART
ཉམ་	ཉམ་	NOUN
མི་	མི་	PART
ང་	ང་	PRON
། །		PUNCT
བྱ་	བྱ་	VERB
བྲན་	བྲན་	NOUN
ལ་སོགས་	ལ་སོགས་	NO_POS
ཟིལ་	ཟིལ་	NOUN
གྱིས་	གིས་	PART
གནོན་	གནོན་	VERB
། ། ༈		PUNCT
དེ་བཞིན་	དེ་བཞིན་	OTHER
ཉམས་	ཉམས་	NOUN
ཀྱི་	གི་	PART
ཐག་	ཐག་	VERB
ཆོད་པ་	ཆོད་པ་	VERB
ས་	གིས་	PART
། །		PUNCT
བདུད་	བདུད་	NOUN
བཞི་	བཞི་	NUM
རྩ་བ་	རྩ་བ་	NOUN
མེད་པ་	མེད་པ་	VERB
ར་	ལ་	PART
རྟོགས་	རྟོགས་	VERB
། །		PUNCT
འདྲེ་	འདྲེ་	NOUN
བདུད་	བདུད་	NOUN
ལ་སོགས་	ལ་སོགས་	NO_POS
ཟིལ་	ཟིལ་	NOUN
གྱིས་	གིས་	PART
གནོན་	གནོན་	VERB
། །		PUNCT
ངན་སོང་	ངན་སོང་	NOUN
གནས་	གནས་	NOUN
གསུམ་	གསུམ་	NUM
ཉམ་	ཉམ་	NOUN
མི་	མི་	PART
ང་	ང་	PRON
། །		PUNCT
ངེས་པ་		
རྩ་	རྩ་	NUM
བྲལ་	བྲལ་	VERB
མ་	མ་	PART
ཤེས་པ་	ཤེས་པ་	VERB
ར་	ལ་	PART
། །		PUNCT
རྒྱུ་འབྲས་	རྒྱུ་འབྲས་	NOUN
ཆོ་	ཆོ་	NOUN
ལ་	ལ་	PART
སྤྱོད་པ་	སྤྱོད་པ་	VERB
ནི་	ནི་	NO_POS
། །		PUNCT
སྡོང་	སྡོང་	NO_POS
བཞག་	བཞག་	VERB
ཡལ་ག་	ཡལ་ག་	NOUN
བསྙབ་པ་	བསྙབ་པ་	NO_POS
འདྲ་	འདྲ་	VERB
། ། ༈		PUNCT
རྩ་	རྩ་	NUM
བྲལ་	བྲལ་	VERB
རྟོགས་པ་	རྟོགས་པ་	VERB
འི་	གི་	PART
རྣལ་འབྱོར་	རྣལ་འབྱོར་	NOUN
ནི་	ནི་	NO_POS
། །		PUNCT
དྲན་རྟོག་	དྲན་རྟོག་	NO_POS
གློ་བུ་	གློ་བུ་	OTHER
ཡིན་	ཡིན་	NO_POS
ཤེ་	ཤེ་	VERB
ན་	ནས་	PART
། །		PUNCT
སྤང་བླང་	སྤང་བླང་	NOUN
མེད་པ་	མེད་པ་	VERB
འི་	གི་	PART
ཆོ་	ཆོ་	NOUN
ལ་	ལ་	PART
སྤྱོད་	སྤྱོད་	VERB
། །		PUNCT
གཟུགས་	གཟུགས་	NOUN
མཐོང་	མཐོང་	VERB
སེམས་	སེམས་	NOUN
ཀྱི་	གི་	PART
སྐུ་	སྐུ་	NOUN
རུ་	ལ་	PART
བལྟ་	བལྟ་	VERB
། །		PUNCT
སྒྲ་	སྒྲ་	NOUN
ཐོ་	ཐོ་	VERB
སེམས་	སེམས་	NOUN
ཀྱི་	གི་	PART
གསུང་	གསུང་	VERB
དུ་	ལ་	PART
བལྟ་	བལྟ་	VERB
། །		PUNCT
ཅི་	ཅི་	NO_POS
སེམས་	སེམས་	NOUN
སེམས་	སེམས་	NOUN
ཀྱི་	གི་	PART
ཐུགས་	ཐུགས་	NOUN
སུ་	ལ་	PART
བལྟ་	བལྟ་	VERB
། །		PUNCT
རྒྱུ་འབྲས་	རྒྱུ་འབྲས་	NOUN
དཔེ་	དཔེ་	NOUN
ལ་ལ་	ལ་ལ་	PRON
ར་	ལ་	PART
མེད་	མེད་	VERB
།		PUNCT
མཆན་	མཆན་	NOUN
།		PUNCT
མེད་པ་	མེད་པ་	VERB
འི་	གི་	PART
དོན་	དོན་	NOUN
དུ་	ལ་	PART
བལྟ་	བལྟ་	VERB
། ། ༈		PUNCT
བཞག་	བཞག་	VERB
ཐབས་	ཐབས་	NOUN
སྒོམ་པ་	སྒོམ་པ་	VERB
འི་	གི་	PART
གནས་ལུགས་	གནས་ལུགས་	VERB
ནི་	ནི་	NO_POS
། །		PUNCT
ལྷ་ཁང་	ལྷ་ཁང་	NOUN
ནང་	ནང་	NOUN
གི་	གི་	PART
ལྡེར་བཟོ་	ལྡེར་བཟོ་	NO_POS
བཞིན་	བཞིན་	NOUN
། །		PUNCT
འདུག་	འདུག་	VERB
ཚུལ་	ཚུལ་	NOUN
བཟང་	བཟང་	VERB
དང་	དང་	NO_POS
ཞལ་	ཞལ་	NOUN
འཛུམ་	འཛུམ་	NO_POS
ཡང་	ཀྱང་	PART
། །		PUNCT
མི་	མི་	PART
སེམས་	སེམས་	NOUN
སེམས་པ་	སེམས་པ་	VERB
འི་	གི་	PART
ཚུལ་	ཚུལ་	NOUN
མེད་	མེད་	VERB
བཞིན་	བཞིན་	NOUN
། །		PUNCT
རང་	རང་	PRON
ལུས་	ལུས་	NOUN
གང་	གང་	NO_POS
བདེ་	བདེ་	VERB
ར་	ལ་	PART
འདུག་	འདུག་	VERB
བྱ་	བྱ་	VERB
ན་	ནས་	PART
། །		PUNCT
མི་	མི་	PART
བསམ་	བསམ་	NOUN
བསམ་པ་	བསམ་པ་	VERB
ར་	ལ་	PART
མི་	མི་	PART
བྱ་	བྱ་	VERB
འོ་	གོ་	PART
། །		PUNCT
བསམ་པ་	བསམ་པ་	VERB
ཡུལ་	ཡུལ་	NOUN
མིན་	མིན་	AUX
དེ་ཉིད་	དེ་ཉིད་	NOUN
ཡིན་	ཡིན་	NO_POS
། །		PUNCT
དེས་ན་	དེས་ན་	NO_POS
མི་	མི་	PART
བསམ་	བསམ་	NOUN
ངང་	ངང་	NOUN
ལ་	ལ་	PART
བཞག་	བཞག་	VERB
།		PUNCT
བྱུང་	བྱུང་	VERB
ཚོ་	ཚོ་	VERB
རྟོག་པ་	རྟོག་པ་	VERB
འི་	གི་	PART
རྗེས་	རྗེས་	NOUN
མི་	མི་	PART
བཅད་	བཅད་	VERB
། །		PUNCT
མཁའ་	མཁའ་	NOUN
ལ་	ལ་	PART
གློག་	གློག་	NOUN
འགྱུ་	འགྱུ་	NO_POS
རང་	རང་	PRON
ལོག་	ལོག་	VERB
བཞིན་	བཞིན་	NOUN
། །		PUNCT
རྣམ་རྟོག་	རྣམ་རྟོག་	NOUN
བྱུང་བ་	བྱུང་བ་	VERB
དེ་བཞིན་	དེ་བཞིན་	OTHER
བཞག་	བཞག་	VERB
།		PUNCT
རྒྱ་མཚོ་	རྒྱ་མཚོ་	NOUN
ཆེན་པོ་	ཆེན་པོ་	ADJ
འི་	གི་	PART
འཇིངས་	འཇིངས་	NO_POS
བཞིན་	བཞིན་	NOUN
དུ་	ལ་	PART
། །		PUNCT
གཡོ་བ་	གཡོ་བ་	VERB
མེད་པ་	མེད་པ་	VERB
འི་	གི་	PART
ངང་	ངང་	NOUN
དུ་	ལ་	PART
བཞག་	བཞག་	VERB
།		PUNCT
རྐྱེན་	རྐྱེན་	NOUN
སྣང་	སྣང་	VERB
རྟོག་པ་	རྟོག་པ་	VERB
རླབས་	རླབས་	OTHER
བཞིན་	བཞིན་	NOUN
དུ་	ལ་	PART
། །		PUNCT
ངང་	ངང་	NOUN
གིས་	གིས་	PART
ཆོས་ཉིད་	ཆོས་ཉིད་	NOUN
དབྱིངས་	དབྱིངས་	NOUN
སུ་	ལ་	PART
སྐྱུ་	སྐྱུ་	VERB
། ། ༈		PUNCT
བཅོ་	བཅོ་	NUM
ས་	གིས་	PART
བསླད་	བསླད་	NO_POS
མི་	མི་	PART
བྱ་	བྱ་	VERB
རྒྱལ་བ་	རྒྱལ་བ་	NOUN
འི་	གི་	PART
བཀའ་	བཀའ་	NOUN
། །		PUNCT
བཅོ་	བཅོ་	NUM
ས་	གིས་	PART
ན་	ལ་	PART
འཆོས་	འཆོས་	VERB
བྱེད་	བྱེད་	VERB
བདུད་	བདུད་	NOUN
ཡིན་པ་	ཡིན་པ་	AUX
ས་	གིས་	PART
། །		PUNCT
ངེས་པ་		
རང་ས་	རང་ས་	OTHER
ར་	ལ་	PART
བཞག་པ་	བཞག་པ་	VERB
ནི་	ནི་	NO_POS
། །		PUNCT
སྐྱེས་བུ་	སྐྱེས་བུ་	NOUN
ནད་	ནད་	NOUN
ཀྱིས་	གིས་	PART
ཟིན་པ་	ཟིན་པ་	VERB
བཞིན་	བཞིན་	NOUN
། །		PUNCT
ཚོགས་	ཚོགས་	NOUN
དྲུག་	དྲུག་	NUM
ལྷུག་པ་	ལྷུག་པ་	NO_POS
འི་	གི་	PART
ཚུལ་	ཚུལ་	NOUN
དུ་	ལ་	PART
བཞག་	བཞག་	VERB
།		PUNCT
བྱ་བ་	བྱ་བ་	VERB
ཟིན་པ་	ཟིན་པ་	VERB
འི་	གི་	PART
སྐྱེས་བུ་	སྐྱེས་བུ་	NOUN
བཞིན་	བཞིན་	NOUN
། །		PUNCT
བློ་	བློ་	NOUN
བདེ་	བདེ་	VERB
འི་	གི་	PART
ངང་	ངང་	NOUN
ལ་	ལ་	PART
ཀད་		NON_WORD
ཀྱིས་	གིས་	PART
བཞག་	བཞག་	VERB
།		PUNCT
བུ་ཆུང་	བུ་ཆུང་	NOUN
མ་མ་	མ་མ་	NOUN
མཐོང་བ་	མཐོང་བ་	VERB
བཞིན་	བཞིན་	NOUN
། །		PUNCT
སྣང་	སྣང་	VERB
ཡང་	ཀྱང་	PART
ནུས་པ་	ནུས་པ་	VERB
མེད་པ་	མེད་པ་	VERB
ར་	ལ་	PART
བཞག་	བཞག་	VERB
། ༈		PUNCT
རིག་པ་	རིག་པ་	VERB
ས་	གིས་	PART
རང་	རང་	PRON
ལུས་	ལུས་	NOUN
རོ་	རོ་	NOUN
ཁུ་	ཁུ་	NOUN
ལ་	ལ་	PART
། །		PUNCT
གཉན་ས་	གཉན་ས་	NO_POS
ལ་སོགས་	ལ་སོགས་	NO_POS
མཛེ་	མཛེ་	NO_POS
གནས་	གནས་	NOUN
སུ་	ལ་	PART
། །		PUNCT
ཆགས་	ཆགས་	VERB
མེད་	མེད་	VERB
ཚུལ་	ཚུལ་	NOUN
གྱིས་	གིས་	PART
བསྐྱུར་བ་	བསྐྱུར་བ་	VERB
ར་	ལ་	PART
བྱ་	བྱ་	VERB
། །		PUNCT
སེམས་ཉིད་	སེམས་ཉིད་	NOUN
ཡུམ་	ཡུམ་	NOUN
ཆེན་	ཆེན་	NO_POS
ཀློང་	ཀློང་	NOUN
དུ་	ལ་	PART
བཞག་	བཞག་	VERB
།		PUNCT
དྲན་རྟོག་	དྲན་རྟོག་	NO_POS
ཤེས་བྱེད་	ཤེས་བྱེད་	NOUN
ཅི་	ཅི་	NO_POS
བྱུང་	བྱུང་	VERB
ཡང་	ཀྱང་	PART
། །		PUNCT
ཡུམ་	ཡུམ་	NOUN
ཆེན་	ཆེན་	NO_POS
སྤྲུལ་པ་	སྤྲུལ་པ་	VERB
ཉིད་	ཉིད་	DET
དུ་	ལ་	PART
དགོངས་	དགོངས་	VERB
། །		PUNCT
ཡུམ་	ཡུམ་	NOUN
སྤྲུལ་	སྤྲུལ་	VERB
འཁོར་བ་	འཁོར་བ་	NOUN
འི་	གི་	PART
གནས་	གནས་	NOUN
མི་	མི་	PART
འཆིང་	འཆིང་	NO_POS
། །		PUNCT
གླེན་པ་	གླེན་པ་	VERB
ལྟོ་བ་	ལྟོ་བ་	NOUN
འགྲངས་པ་	འགྲངས་པ་	VERB
བཞིན་	བཞིན་	NOUN
། །		PUNCT
འདུ་ཤེས་	འདུ་ཤེས་	NOUN
རྣམ་པ་	རྣམ་པ་	NOUN
ར་	ལ་	PART
བཤིགས་		NON_WORD
ལ་	ལ་	PART
བཞག་	བཞག་	VERB
།		PUNCT
འཁོར་	འཁོར་	NOUN
སྤང་	སྤང་	VERB
མྱ་ངན་	མྱ་ངན་	NOUN
འདའ་བ་	འདའ་བ་	VERB
ར་	ལ་	PART
ངེས་	ངེས་	VERB
། །		PUNCT
ཨེ་མ་ཧོ་	ཨེ་མ་ཧོ་	INTJ
།		PUNCT
བྱ་རྩོལ་	བྱ་རྩོལ་	NOUN
མེད་	མེད་	VERB
དོ་	གོ་	PART
དགོངས་པ་	དགོངས་པ་	VERB
ལོངས་	ལོངས་	VERB
། ། ༈		PUNCT
སྤྱོད་པ་	སྤྱོད་པ་	VERB
དཔེ་	དཔེ་	NOUN
ཡི་	གིས་	PART
བསྟན་པ་	བསྟན་པ་	VERB
ནི་	ནི་	NO_POS
༑ །		PUNCT
སྒོ་སྲུང་	སྒོ་སྲུང་	NOUN
ཁྲོ་བོ་	ཁྲོ་བོ་	NOUN
ཀིང་	ཀིང་	NO_POS
ཀ་ར་	ཀ་ར་	OTHER
། །		PUNCT
ཁྲོ་	ཁྲོ་	VERB
ས་	གིས་	PART
ཤིང་	ཅིང་	PART
གཏུམ་པ་	གཏུམ་པ་	VERB
འདྲ་	འདྲ་	VERB
ན་	ལ་	PART
ཡང་	ཀྱང་	PART
། །		PUNCT
རྒྱུད་	རྒྱུད་	NOUN
ལ་	ལ་	PART
ཉོན་མོངས་	ཉོན་མོངས་	NOUN
སྐྱེ་	སྐྱེ་	NOUN
མེད་	མེད་	VERB
བཞིན་	བཞིན་	NOUN
། །		PUNCT
བརྟུལ་ཞུགས་	བརྟུལ་ཞུགས་	NOUN
ངེས་པ་		
ཆེ་བ་	ཆེ་བ་	VERB
ལ་	ལ་	PART
། །		PUNCT
ཞེ་འདོད་	ཞེ་འདོད་	NO_POS
རྟོག་པ་	རྟོག་པ་	VERB
མེད་པ་	མེད་པ་	VERB
ར་	ལ་	PART
སྤྱོད་	སྤྱོད་	VERB
། །		PUNCT
བརྟུལ་ཞུགས་	བརྟུལ་ཞུགས་	NOUN
ཆེ་བ་	ཆེ་བ་	VERB
ས་	གིས་	PART
བར་ཆོད་	བར་ཆོད་	NOUN
འདུལ་	འདུལ་	NO_POS
། །		PUNCT
ཞེ་འདོད་	ཞེ་འདོད་	NO_POS
མེད་པ་	མེད་པ་	VERB
དེ་ཉིད་	དེ་ཉིད་	NOUN
ལམ་	གམ་	PART
། །		PUNCT
མཚོ་	མཚོ་	NOUN
ལ་	ལ་	PART
ཉ་མོ་	ཉ་མོ་	NO_POS
འཕྱོ་བ་	འཕྱོ་བ་	VERB
བཞིན་	བཞིན་	NOUN
། །		PUNCT
འཛིན་ཆགས་	འཛིན་ཆགས་	NO_POS
མེད་པ་	མེད་པ་	VERB
ར་	ལ་	PART
ཕྱལ་	ཕྱལ་	NO_POS
ལེ་	ལེ་	NO_POS
ར་	ལ་	PART
སྤྱོད་	སྤྱོད་	VERB
། །		PUNCT
སྐྱི་བསེར་	སྐྱི་བསེར་	NO_POS
རི་རྩིབས་	རི་རྩིབས་	NO_POS
གཅོད་པ་	གཅོད་པ་	VERB
བཞིན་	བཞིན་	NOUN
། །		PUNCT
ཆགས་སྡང་	ཆགས་སྡང་	NOUN
རྗེས་མེད་	རྗེས་མེད་	NO_POS
རྩི་	རྩི་	NOUN
ལ་	ལ་	ADP
ས་	གིས་	PART
འདའ་	འདའ་	VERB
། ། ༈		PUNCT
རང་	རང་	PRON
གིས་	གིས་	PART
རང་	རང་	PRON
ལ་	ལ་	PART
སྤྱོད་པ་	སྤྱོད་པ་	VERB
ལ་	ལ་	PART
། །		PUNCT
བསྙེམ་	བསྙེམ་	NO_POS
བྱ་	བྱ་	VERB
སྙེམས་བྱེད་	སྙེམས་བྱེད་	NO_POS
གཞུག་	གཞུག་	VERB
མི་	མི་	PART
དགོས་	དགོས་	VERB
། །		PUNCT
རང་	རང་	PRON
ལ་	ལ་	PART
འཛིན་པ་	འཛིན་པ་	VERB
མེད་པ་	མེད་པ་	VERB
ར་	ལ་	PART
སྤྱོད་	སྤྱོད་	VERB
། །		PUNCT
རྨི་ལམ་	རྨི་ལམ་	NOUN
ཡུལ་	ཡུལ་	NOUN
གྱི་	གི་	PART
དགྲ་	དགྲ་	NOUN
དེ་ཡང་	དེ་ཡང་	ADV
། །		PUNCT
རང་	རང་	PRON
ལ་	ལ་	ADP
ས་	གིས་	PART
བྱུང་བ་	བྱུང་བ་	VERB
མ་	མ་	PART
དགོངས་	དགོངས་	VERB
སམ་	གམ་	PART
། །		PUNCT
ཡི་དམ་	ཡི་དམ་	NOUN
ལྷ་	ལྷ་	NOUN
ཡི་	གི་	PART
དངོས་གྲུབ་	དངོས་གྲུབ་	NOUN
ཀྱང་	ཀྱང་	PART
། །		PUNCT
སེམས་	སེམས་	NOUN
ལ་	ལ་	PART
སེམས་	སེམས་	NOUN
ཀྱིས་	གིས་	PART
བསྒོམས་	བསྒོམས་	VERB
ལ་	ལ་	ADP
ས་	གིས་	PART
བྱུང་	བྱུང་	VERB
། །		PUNCT
དེས་ན་	དེས་ན་	NO_POS
རང་	རང་	PRON
ཡིན་	ཡིན་	NO_POS
གཞན་མ་	གཞན་མ་	PRON
ཡིན་	ཡིན་	NO_POS
། །		PUNCT
རང་སྣང་	རང་སྣང་	NO_POS
རང་	རང་	PRON
ལ་	ལ་	PART
གཅོད་པ་	གཅོད་པ་	VERB
ལ་	ལ་	ADP
ས་	གིས་	PART
། །		PUNCT
གཞན་	གཞན་	DET
ཡུལ་	ཡུལ་	NOUN
འབྲེལ་	འབྲེལ་	VERB
མེད་	མེད་	VERB
གནོད་	གནོད་	VERB
མི་	མི་	PART
ནུས་	ནུས་	VERB
། །		PUNCT
དཔེར་ན་	དཔེར་ན་	NO_POS
རྒྱ་གར་	རྒྱ་གར་	PROPN
དུག་སྦྲུལ་	དུག་སྦྲུལ་	NOUN
བཞིན་	བཞིན་	NOUN
། ། ༈		PUNCT
འབྲས་བུ་	འབྲས་བུ་	NOUN
དཔེ་	དཔེ་	NOUN
ཡི་	གིས་	PART
བསྟན་པ་	བསྟན་པ་	VERB
ནི་	ནི་	NO_POS
། །		PUNCT
མ་	མ་	NOUN
ལ་	ལ་	PART
དཀར་པོ་	དཀར་པོ་	ADJ
ར་	ལ་	PART
མ་	མ་	PART
བསྒྲུབས་	བསྒྲུབས་	VERB
ཀྱང་	ཀྱང་	PART
། །		PUNCT
མར་ངོ་	མར་ངོ་	NO_POS
ཤེས་པ་	ཤེས་པ་	VERB
ས་	གིས་	PART
དཀར་པོ་	དཀར་པོ་	ADJ
གྲུབ་	གྲུབ་	VERB
། །		PUNCT
ངེས་པ་		
མར་ངོ་	མར་ངོ་	NO_POS
ཤེ་	ཤེ་	VERB
ཙམ་	ཙམ་	DET
ན་	ནས་	PART
། །		PUNCT
དཀར་པོ་	དཀར་པོ་	ADJ
གཞན་	གཞན་	DET
ན་	ནས་	PART
བསྒྲུབ་	བསྒྲུབ་	VERB
མི་	མི་	PART
དགོས་	དགོས་	VERB
། །		PUNCT
དེ་བཞིན་	དེ་བཞིན་	OTHER
སངས་རྒྱས་	སངས་རྒྱས་	NOUN
མ་	མ་	PART
བསྒྲུབས་	བསྒྲུབས་	VERB
ཀྱང་	ཀྱང་	PART
༑ །		PUNCT
སེམས་	སེམས་	NOUN
ངོ་	གོ་	PART
ཤེས་པ་	ཤེས་པ་	VERB
ས་	གིས་	PART
སངས་རྒྱས་	སངས་རྒྱས་	NOUN
འགྲུབ་	འགྲུབ་	VERB
། །		PUNCT
ངེས་པ་		
རང་སེམས་	རང་སེམས་	NOUN
ངོ་	གོ་	PART
ཤེ་	ཤེ་	VERB
ན་	ནས་	PART
། །		PUNCT
སངས་རྒྱས་	སངས་རྒྱས་	NOUN
གཞན་	གཞན་	DET
ན་	ནས་	PART
བསྒྲུབ་	བསྒྲུབ་	VERB
མི་	མི་	PART
དགོས་	དགོས་	VERB
། ། ༈		PUNCT
སྙེམས་	སྙེམས་	NO_POS
སངས་	སངས་	VERB
རྩ་	རྩ་	NUM
བྲལ་	བྲལ་	VERB
ཀུན་	ཀུན་	DET
ལ་	ལ་	ADP
ས་	གིས་	PART
རྒྱལ་	རྒྱལ་	VERB
། །		PUNCT
དེས་ན་	དེས་ན་	NO_POS
ལོགས་	ལོགས་	NOUN
ན་	ནས་	PART
བསྒྲུབ་	བསྒྲུབ་	VERB
ཏུ་	ལ་	PART
མེད་	མེད་	VERB
། །		PUNCT
དེ་ལྟ་	དེ་ལྟ་	NO_POS
རྟོགས་	རྟོགས་	VERB
ན་	ལ་	PART
བདུད་	བདུད་	NOUN
རྣམས་	རྣམས་	DET
ཞི་	ཞི་	VERB
། །		PUNCT
དེ་ཡང་	དེ་ཡང་	ADV
རང་བྱུང་	རང་བྱུང་	NOUN
རང་	རང་	PRON
ཞི་	ཞི་	VERB
ཡིན་	ཡིན་	NO_POS
། ། ༈		PUNCT
རིག་	རིག་	VERB
མེད་	མེད་	VERB
གཏི་མུག་	གཏི་མུག་	NOUN
ཆོས་དབྱིངས་	ཆོས་དབྱིངས་	NOUN
ལ་	ལ་	PART
། །		PUNCT
ཡུལ་	ཡུལ་	NOUN
དུ་	ལ་	PART
རིག་	རིག་	VERB
ཅིང་	ཅིང་	PART
བཟུང་བ་	བཟུང་བ་	VERB
ས་	གིས་	PART
འཁྲུལ་	འཁྲུལ་	NO_POS
། ། ༈		PUNCT
དབྱེ་	དབྱེ་	VERB
ར་	ལ་	PART
མེད་	མེད་	VERB
གཅིག་	གཅིག་	NUM
ལ་	ལ་	PART
རིག་	རིག་	VERB
བྱུང་བ་	བྱུང་བ་	VERB
ས་	གིས་	PART
། །		PUNCT
ཁམས་	ཁམས་	NOUN
གསུམ་	གསུམ་	NUM
གནས་	གནས་	NOUN
སུ་	ལ་	PART
འཁོར་བ་	འཁོར་བ་	NOUN
ཡིན་	ཡིན་	NO_POS
། །		PUNCT
རིགས་	རིགས་	NOUN
དྲུག་	དྲུག་	NUM
གནས་	གནས་	NOUN
སུ་	ལ་	PART
འཁྲུལ་པ་	འཁྲུལ་པ་	NO_POS
ཡིན་	ཡིན་	NO_POS
། །		PUNCT
དེ་ཡང་	དེ་ཡང་	ADV
རང་བཞིན་	རང་བཞིན་	NOUN
རིག་	རིག་	VERB
འཁྲུལ་	འཁྲུལ་	NO_POS
ལ་	ལ་	PART
། །		PUNCT
བལྟོས་	བལྟོས་	NO_POS
ཆོ་	ཆོ་	NOUN
ཐེག་པ་	ཐེག་པ་	NOUN
འི་	གི་	PART
རིམ་པ་	རིམ་པ་	NOUN
ཡང་	ཀྱང་	PART
། །		PUNCT
ལྟ་	ལྟ་	NOUN
སྒོམ་	སྒོམ་	VERB
འབྲས་བུ་	འབྲས་བུ་	NOUN
ར་	ལ་	PART
རིག་པ་	རིག་པ་	VERB
འཁྲུལ་	འཁྲུལ་	NO_POS
། །		PUNCT
ཆད་པ་	ཆད་པ་	VERB
ས་	གིས་	PART
བཅད་	བཅད་	VERB
མེད་	མེད་	VERB
ཡུལ་	ཡུལ་	NOUN
དུ་	ལ་	PART
རིག་	རིག་	VERB
།		PUNCT
རྟག་པ་	རྟག་པ་	VERB
ས་	གིས་	PART
འགྱུར་མེད་	འགྱུར་མེད་	NOUN
ཡུལ་	ཡུལ་	NOUN
དུ་	ལ་	PART
རིག་	རིག་	VERB
།		PUNCT
ཉན་ཐོས་	ཉན་ཐོས་	NOUN
གཟུང་འཛིན་	གཟུང་འཛིན་	NOUN
ཡུལ་	ཡུལ་	NOUN
དུ་	ལ་	PART
རིག་	རིག་	VERB
།		PUNCT
རང་རྒྱལ་	རང་རྒྱལ་	NOUN
རྟེན་འབྲེལ་	རྟེན་འབྲེལ་	NOUN
སྟོང་པ་	སྟོང་པ་	VERB
ར་	ལ་	PART
རིག་	རིག་	VERB
།		PUNCT
སེམས་	སེམས་	NOUN
ཙམ་	ཙམ་	DET
རང་རིག་	རང་རིག་	NO_POS
སེམས་	སེམས་	NOUN
སུ་	ལ་	PART
རིག་	རིག་	VERB
།		PUNCT
དབུ་མ་	དབུ་མ་	PROPN
སྤྲོས་བྲལ་	སྤྲོས་བྲལ་	ADJ
ཡིན་པ་	ཡིན་པ་	AUX
ར་	ལ་	PART
རིག་	རིག་	VERB
།		PUNCT
ཕ་རྒྱུད་	ཕ་རྒྱུད་	NOUN
བདེ་	བདེ་	VERB
གསལ་	གསལ་	VERB
རླུང་	རླུང་	NOUN
དུ་	ལ་	PART
རིག་	རིག་	VERB
།		PUNCT
མ་རྒྱུད་	མ་རྒྱུད་	NOUN
བདེ་སྟོང་	བདེ་སྟོང་	NOUN
རྒྱ་	རྒྱ་	VERB
འདེབས་	འདེབས་	VERB
རིག་	རིག་	VERB
།		PUNCT
ཐབས་	ཐབས་	NOUN
དང་	དང་	NO_POS
ཤེས་རབ་	ཤེས་རབ་	NOUN
གཉིས་	གཉིས་	NUM
མེད་	མེད་	VERB
རིག་	རིག་	VERB
།		PUNCT
ཕྱག་	ཕྱག་	NOUN
ཆེན་	ཆེན་	NO_POS
བློ་	བློ་	NOUN
ལ་	ལ་	ADP
ས་	གིས་	PART
འདས་པ་	འདས་པ་	VERB
ར་	ལ་	PART
རིག་	རིག་	VERB
།		PUNCT
རྫོགས་ཆེན་	རྫོགས་ཆེན་	NOUN
ཡེ་	ཡེ་	ADV
ཡིན་	ཡིན་	NO_POS
ཆེན་པོ་	ཆེན་པོ་	ADJ
ར་	ལ་	PART
རིག་	རིག་	VERB
།		PUNCT
དེ་ལྟ་	དེ་ལྟ་	NO_POS
རིག་པ་	རིག་པ་	VERB
ཐམས་ཅད་	ཐམས་ཅད་	DET
ནི་	ནི་	NO_POS
། །		PUNCT
ཡུལ་	ཡུལ་	NOUN
དུ་	ལ་	PART
རིག་པ་	རིག་པ་	VERB
འི་	གི་	PART
རིག་པ་	རིག་པ་	VERB
ཡིན་	ཡིན་	NO_POS
། །		PUNCT
ཡུལ་ཅན་	ཡུལ་ཅན་	NOUN
རྣམས་	རྣམས་	DET
ནི་	ནི་	NO_POS
དེ་ཉིད་	དེ་ཉིད་	NOUN
མིན་	མིན་	AUX
། །		PUNCT
ཡུལ་མེད་	ཡུལ་མེད་	NO_POS
སེམས་	སེམས་	NOUN
ལ་	ལ་	PART
རིག་པ་	རིག་པ་	VERB
མེད་	མེད་	VERB
། །		PUNCT
གང་	གང་	NO_POS
རིག་པ་	རིག་པ་	VERB
ཡི་	གི་	PART
རིག་པ་	རིག་པ་	VERB
ས་	གིས་	PART
བཅིངས་	བཅིངས་	VERB
༑ ། ༈		PUNCT
དེས་ན་	དེས་ན་	NO_POS
རིག་	རིག་	VERB
མེད་	མེད་	VERB
གཏི་མུག་	གཏི་མུག་	NOUN
འདི་	འདི་	DET
། །		PUNCT
ཡེ་ཤེས་	ཡེ་ཤེས་	NOUN
ཆེན་པོ་	ཆེན་པོ་	ADJ
ར་	ལ་	PART
རྒྱལ་བ་	རྒྱལ་བ་	NOUN
ས་	གིས་	PART
གསུངས་	གསུངས་	VERB
། །		PUNCT
མ་རིག་	མ་རིག་	NOUN
ཡུལ་མེད་	ཡུལ་མེད་	NO_POS
འཁྲུལ་	འཁྲུལ་	NO_POS
པ་སངས་	པ་སངས་	NO_POS
། །		PUNCT
ཡུལ་	ཡུལ་	NOUN
སྣང་	སྣང་	VERB
བློ་	བློ་	NOUN
ཡི་	གིས་	PART
བཏངས་		NON_WORD
ཙམ་	ཙམ་	DET
ན་	ལ་	PART
། །		PUNCT
སྙེམས་	སྙེམས་	NO_POS
ཐག་	ཐག་	VERB
མ་	མ་	PART
ལུས་	ལུས་	NOUN
ཆོད་པ་	ཆོད་པ་	VERB
ཡིན་	ཡིན་	NO_POS
། །		PUNCT
ཡུལ་མེད་	ཡུལ་མེད་	NO_POS
རིག་པ་	རིག་པ་	VERB
ཅི་	ཅི་	NO_POS
ལ་	ལ་	PART
སྙེམས་	སྙེམས་	NO_POS
། ། ༈		PUNCT
རིག་པ་	རིག་པ་	VERB
འཁྲུལ་པ་	འཁྲུལ་པ་	NO_POS
ར་	ལ་	PART
ཤེ་	ཤེ་	VERB
ཙམ་	ཙམ་	DET
ན་	ལ་	PART
། །		PUNCT
འཁྲུལ་པ་	འཁྲུལ་པ་	NO_POS
འི་	གི་	PART
ཆོ་	ཆོ་	NOUN
ལ་	ལ་	PART
མི་	མི་	PART
འཛིན་པ་	འཛིན་པ་	VERB
ས་	གིས་	PART
། །		PUNCT
འཛིན་	འཛིན་	VERB
མེད་	མེད་	VERB
རིག་པ་	རིག་པ་	VERB
ཅིར་	ཅིར་	NO_POS
ཡང་	ཀྱང་	PART
སྣང་	སྣང་	VERB
། །		PUNCT
ཆེད་	ཆེད་	NOUN
དུ་མ་	དུ་མ་	ADJ
བྱ་	བྱ་	VERB
རང་བྱུང་	རང་བྱུང་	NOUN
ཡིན་	ཡིན་	NO_POS
། །		PUNCT
དེ་ལྟ་	དེ་ལྟ་	NO_POS
དགོངས་	དགོངས་	VERB
ན་	ལ་	PART
ནམ་ཡང་	ནམ་ཡང་	OTHER
ཡིན་	ཡིན་	NO_POS
། ། ༈		PUNCT
ཡང་དག་	ཡང་དག་	ADJ
དོན་	དོན་	NOUN
གྱི་	གི་	PART
ཡུམ་	ཡུམ་	NOUN
ཆེན་	ཆེན་	NO_POS
དེ་	སྟེ་	PART
། །		PUNCT
འཁོར་འདས་	འཁོར་འདས་	NOUN
ཀུན་	ཀུན་	DET
གྱི་	གི་	PART
གཞི་	གཞི་	NOUN
ཡང་	ཀྱང་	PART
ཡིན་	ཡིན་	NO_POS
། །		PUNCT
དུས་གསུམ་	དུས་གསུམ་	OTHER
སངས་རྒྱས་	སངས་རྒྱས་	NOUN
རྣམས་	རྣམས་	DET
ཀྱིས་	གིས་	PART
ཀྱང་	ཀྱང་	PART
། །		PUNCT
མ་	མ་	PART
མཛད་	མཛད་	VERB
སྐྱེ་	སྐྱེ་	NOUN
མེད་	མེད་	VERB
གཞི་	གཞི་	NOUN
རུ་	ལ་	PART
གསུངས་	གསུངས་	VERB
། ། ༈		PUNCT
སངས་རྒྱས་	སངས་རྒྱས་	NOUN
འདུས་མ་བྱས་	འདུས་མ་བྱས་	NO_POS
ཡིན་པ་	ཡིན་པ་	AUX
ས་	གིས་	PART
། །		PUNCT
སྐྱེ་བ་	སྐྱེ་བ་	VERB
མེད་པ་	མེད་པ་	VERB
ར་	ལ་	PART
ཡིད་ཆེས་	ཡིད་ཆེས་	NOUN
ན་	ལ་	PART
། །		PUNCT
སྐྱེ་	སྐྱེ་	NOUN
མེད་	མེད་	VERB
གཞི་	གཞི་	NOUN
ལ་	ལ་	PART
བྱེད་	བྱེད་	VERB
མཁན་	མཁན་	PROPN
མེད་	མེད་	VERB
། །		PUNCT
མ་	མ་	PART
བྱ་	བྱ་	VERB
གཞི་	གཞི་	NOUN
ཡི་	གི་	PART
གོལ་ས་	གོལ་ས་	VERB
ཆོད་	ཆོད་	VERB
། ། ༈		PUNCT
མ་	མ་	PART
བྱ་	བྱ་	VERB
འདུས་མ་བྱས་	འདུས་མ་བྱས་	NO_POS
ཡིན་པ་	ཡིན་པ་	AUX
ས་	གིས་	PART
། །		PUNCT
མི་	མི་	PART
བྱེད་	བྱེད་	VERB
ལམ་	གམ་	PART
དུ་	ལ་	PART
ངེས་པ་		
འགྲོ་	འགྲོ་	VERB
། །		PUNCT
སྣང་སྟོང་	སྣང་སྟོང་	NO_POS
ཡིད་	ཡིད་	NOUN
ལ་མ་	ལ་མ་	NO_POS
བྱས་པ་	བྱས་པ་	VERB
ས་	གིས་	PART
། །		PUNCT
རྟག་ཆད་	རྟག་ཆད་	NOUN
མེད་པ་	མེད་པ་	VERB
ར་	ལ་	PART
ལམ་	གམ་	PART
དུ་	ལ་	PART
སློང་	སློང་	VERB
། །		PUNCT
གཉིས་	གཉིས་	NUM
མེད་	མེད་	VERB
ཡིད་	ཡིད་	NOUN
ལ་མ་	ལ་མ་	NO_POS
བྱས་པ་	བྱས་པ་	VERB
ས་	གིས་	PART
། །		PUNCT
སྐྱེ་མཆེད་	སྐྱེ་མཆེད་	NOUN
མུ་བཞི་	མུ་བཞི་	NO_POS
འི་	གི་	PART
བདུད་	བདུད་	NOUN
ལ་	ལ་	ADP
ས་	གིས་	PART
གྲོལ་	གྲོལ་	VERB
། །		PUNCT
ཤེས་བྱ་	ཤེས་བྱ་	VERB
འི་	གི་	PART
སྒྲིབ་པ་	སྒྲིབ་པ་	VERB
རང་ས་	རང་ས་	OTHER
ར་	ལ་	PART
དག་	དག་	DET
། ༈		PUNCT
གཟུགས་	གཟུགས་	NOUN
དང་	དང་	NO_POS
ཚོར་བ་	ཚོར་བ་	VERB
འདུ་ཤེས་	འདུ་ཤེས་	NOUN
སོགས་	སོགས་	DET
། །		PUNCT
ངེས་པ་		
ཡིད་	ཡིད་	NOUN
ལ་མ་	ལ་མ་	NO_POS
བྱ་	བྱ་	VERB
ན་	ལ་	PART
། །		PUNCT
ཁམས་	ཁམས་	NOUN
གསུམ་	གསུམ་	NUM
གནས་	གནས་	NOUN
ལ་	ལ་	ADP
ས་	གིས་	PART
གྲོལ་བ་	གྲོལ་བ་	VERB
ར་	ལ་	PART
འགྱུར་	འགྱུར་	VERB
། །		PUNCT
འཁོར་བ་	འཁོར་བ་	NOUN
ར་	ལ་	PART
འདྲེ་བ་	འདྲེ་བ་	VERB
ར་	ལ་	PART
མི་	མི་	PART
འགྱུར་	འགྱུར་	VERB
རོ་	རོ་	NOUN
། །		PUNCT
གང་ཡང་	གང་ཡང་	NO_POS
ཡིད་	ཡིད་	NOUN
ལ་མ་	ལ་མ་	NO_POS
བྱ་	བྱ་	VERB
ན་	ལ་	PART
། །		PUNCT
བག་ཆགས་	བག་ཆགས་	NOUN
མི་	མི་	PART
འབྱུང་	འབྱུང་	VERB
ས་ལམ་	ས་ལམ་	OTHER
རྫོགས་	རྫོགས་	VERB
། །		PUNCT
ཡིད་	ཡིད་	NOUN
ལ་མ་	ལ་མ་	NO_POS
བྱ་	བྱ་	VERB
ལམ་མཆོག་	ལམ་མཆོག་	OTHER
ཏུ་	ལ་	PART
། །		PUNCT
རྒྱལ་བ་	རྒྱལ་བ་	NOUN
འི་	གི་	PART
བཀའ་	བཀའ་	NOUN
ལ་	ལ་	ADP
ས་	གིས་	PART
གསུངས་པ་	གསུངས་པ་	VERB
ར་	ལ་	PART
ངེས་	ངེས་	VERB
། །		PUNCT
ཡིད་	ཡིད་	NOUN
ལ་མ་	ལ་མ་	NO_POS
བྱ་	བྱ་	VERB
རྟོགས་	རྟོགས་	VERB
གྱུར་	གྱུར་	VERB
ན་	ལ་	PART
། །		PUNCT
ཡིད་	ཡིད་	NOUN
ཀྱི་	གི་	PART
འགྱུ་བ་	འགྱུ་བ་	VERB
དགག་	དགག་	VERB
མི་	མི་	PART
དགོས་	དགོས་	VERB
། །		PUNCT
སྨིག་རྒྱུ་	སྨིག་རྒྱུ་	NOUN
བཞིན་	བཞིན་	NOUN
དུ་	ལ་	PART
རང་ས་	རང་ས་	OTHER
ར་	ལ་	PART
གྲོལ་	གྲོལ་	VERB
། །		PUNCT
འདི་	འདི་	DET
ན་	ནས་	PART
ཚིག་རྐང་	ཚིག་རྐང་	OTHER
གཉིས་	གཉིས་	NUM
དཔེ་	དཔེ་	NOUN
ཕལ་ཆེ་		
དུ་	ལ་	PART
མེད་	མེད་	VERB
།		PUNCT
མཆན་	མཆན་	NOUN
།		PUNCT
དེ་ལྟ་	དེ་ལྟ་	NO_POS
རྟོགས་པ་	རྟོགས་པ་	VERB
འི་	གི་	PART
རྣལ་འབྱོར་པ་	རྣལ་འབྱོར་པ་	NOUN
ས་	གིས་	PART
། །		PUNCT
བག་ཡངས་	བག་ཡངས་	NO_POS
སྤྱོད་པ་	སྤྱོད་པ་	VERB
དགག་	དགག་	VERB
མི་	མི་	PART
དགོས་	དགོས་	VERB
། །		PUNCT
གང་ལྟར་	གང་ལྟར་	NO_POS
བྱ་	བྱ་	VERB
ཀྱང་	ཀྱང་	PART
ལམ་	གམ་	PART
དུ་	ལ་	PART
འགྲོ་	འགྲོ་	VERB
། །		PUNCT
མི་	མི་	PART
བྱེད་པ་	བྱེད་པ་	VERB
ནི་	ནི་	NO_POS
ལམ་	གམ་	PART
ཡིན་	ཡིན་	NO_POS
ནོ་	གོ་	PART
། ། ༈		PUNCT
མ་	མ་	PART
གྲུབ་འབྲས་	གྲུབ་འབྲས་	OTHER
བུ་	བུ་	NOUN
གསུངས་པ་	གསུངས་པ་	VERB
ནི་	ནི་	NO_POS
། །		PUNCT
སྐུ་གསུམ་	སྐུ་གསུམ་	OTHER
འབྲས་བུ་	འབྲས་བུ་	NOUN
ར་	ལ་	PART
གསུངས་པ་	གསུངས་པ་	VERB
ཡང་	ཀྱང་	PART
། །		PUNCT
དྲང་བ་	དྲང་བ་	VERB
འི་	གི་	PART
དོན་	དོན་	NOUN
དུ་	ལ་	PART
གསུངས་པ་	གསུངས་པ་	VERB
ལ་	ལ་	ADP
ས་	གིས་	PART
། །		PUNCT
མཚན་	མཚན་	NOUN
དང་	དང་	NO_POS
དཔེ་	དཔེ་	NOUN
བྱེད་	བྱེད་	VERB
ལ་སོགས་པ་	ལ་སོགས་པ་	NO_POS
། །		PUNCT
ངེས་པ་		
གྲུབ་པ་	གྲུབ་པ་	VERB
རྡུལ་	རྡུལ་	NOUN
ཙམ་	ཙམ་	DET
མེད་	མེད་	VERB
། ། ༈		PUNCT
གྲུབ་	གྲུབ་	VERB
ན་	ལ་	PART
གང་	གང་	NO_POS
གྲུབ་མཐ་	གྲུབ་མཐའ་	NOUN
ར་	ལ་	PART
ལྟུང་	ལྟུང་	VERB
འགྱུར་	འགྱུར་	VERB
། །		PUNCT
འཁོར་བ་	འཁོར་བ་	NOUN
འི་	གི་	PART
ཕ་རོལ་	ཕ་རོལ་	NOUN
འདས་པ་	འདས་པ་	VERB
ཡིན་	ཡིན་	NO_POS
། །		PUNCT
ཤེས་རབ་	ཤེས་རབ་	NOUN
ཕ་རོལ་	ཕ་རོལ་	NOUN
ཕྱིན་པ་	ཕྱིན་པ་	VERB
ནི་	ནི་	NO_POS
། །		PUNCT
བློ་	བློ་	NOUN
ཡི་	གི་	PART
ཡུལ་	ཡུལ་	NOUN
དུ་	ལ་	PART
གྲུབ་པ་	གྲུབ་པ་	VERB
མེད་	མེད་	VERB
། །		PUNCT
བློ་	བློ་	NOUN
ར་	ལ་	PART
ནི་	ནི་	NO_POS
གྲུབ་པ་	གྲུབ་པ་	VERB
འཁོར་བ་	འཁོར་བ་	NOUN
འི་	གི་	PART
ཆོ་	ཆོ་	NOUN
། །		PUNCT
གྲུབ་	གྲུབ་	VERB
མེད་	མེད་	VERB
འབྲས་བུ་	འབྲས་བུ་	NOUN
ར་	ལ་	PART
མ་	མ་	PART
རྟོགས་	རྟོགས་	VERB
ན་	ལ་	PART
། །		PUNCT
གྲུབ་	གྲུབ་	VERB
འདོད་	འདོད་	VERB
རྩོལ་བ་	རྩོལ་བ་	VERB
ཅིར་	ཅིར་	NO_POS
བྱ་	བྱ་	VERB
ཀྱང་	ཀྱང་	PART
། །		PUNCT
ཐར་པ་	ཐར་པ་	VERB
ཐོབ་པ་	ཐོབ་པ་	VERB
ར་	ལ་	PART
མི་	མི་	PART
འགྱུར་	འགྱུར་	VERB
རོ་	རོ་	NOUN
། ། ༈		PUNCT
ཆོ་	ཆོ་	NOUN
ཀྱི་	གི་	PART
ཞེན་	ཞེན་	VERB
བློ་	བློ་	NOUN
མ་	མ་	PART
ཞིག་པ་	ཞིག་པ་	VERB
ར་	ལ་	PART
། །		PUNCT
ཞེན་པ་	ཞེན་པ་	VERB
འི་	གི་	PART
བློ་	བློ་	NOUN
ཡི་	གིས་	PART
ཆོས་སྤྱོད་པ་	ཆོས་སྤྱོད་པ་	NOUN
ས་	གིས་	PART
། །		PUNCT
ཆོ་	ཆོ་	NOUN
ཀྱང་	ཀྱང་	PART
འཆིིང་བ་	འཆིིང་བ་	NON_WORD
འི་	གི་	PART
གྲོག་	གྲོག་	NOUN
སུ་	ལ་	PART
འགྱུར་	འགྱུར་	VERB
། །		PUNCT
དེས་ན་	དེས་ན་	NO_POS
གདམས་ངག་	གདམས་ངག་	NOUN
སྲོག་	སྲོག་	NOUN
གིས་	གིས་	PART
བསླུ་	བསླུ་	NO_POS
། །		PUNCT
སངས་རྒྱས་	སངས་རྒྱས་	NOUN
འདུས་བྱས་	འདུས་བྱས་	NOUN
མ་ཡིན་པ་	མ་ཡིན་པ་	OTHER
ས་	གིས་	PART
། །		PUNCT
འདུས་བྱས་	འདུས་བྱས་	NOUN
རྩོལ་བ་	རྩོལ་བ་	VERB
ས་	གིས་	PART
ག་ལ་	ག་ལ་	NO_POS
འགྲུབ་	འགྲུབ་	VERB
། །		PUNCT
འདུས་བྱས་	འདུས་བྱས་	NOUN
ཆོ་	ཆོ་	NOUN
ལ་	ལ་	PART
ཡིད་	ཡིད་	NOUN
མ་	མ་	PART
ཆགས་	ཆགས་	VERB
། །		PUNCT
བྱས་པ་	བྱས་པ་	VERB
འི་	གི་	PART
ཆོ་	ཆོ་	NOUN
ལ་	ལ་	PART
རེ་	རེ་	DET
མ་	མ་	PART
ཆེ་	ཆེ་	VERB
། ། ༈		PUNCT
ལུས་	ལུས་	NOUN
ལ་	ལ་	PART
འཛིན་	འཛིན་	VERB
མེད་	མེད་	VERB
རྒྱལ་བ་	རྒྱལ་བ་	NOUN
འི་	གི་	PART
སྐུ་	སྐུ་	NOUN
། །		PUNCT
ངག་	ངག་	NOUN
ལ་	ལ་	PART
འཛིན་	འཛིན་	VERB
མེད་	མེད་	VERB
རྒྱལ་བ་	རྒྱལ་བ་	NOUN
འི་	གི་	PART
གསུང་	གསུང་	VERB
། །		PUNCT
ཡིད་	ཡིད་	NOUN
ལ་	ལ་	PART
འཛིན་	འཛིན་	VERB
མེད་	མེད་	VERB
རྒྱལ་བ་	རྒྱལ་བ་	NOUN
འི་	གི་	PART
ཐུགས་	ཐུགས་	NOUN
། །		PUNCT
འཛིན་	འཛིན་	VERB
མེད་	མེད་	VERB
འོད་གསལ་	འོད་གསལ་	NOUN
མ་གཏོགས་པ་	མ་གཏོགས་པ་	NO_POS
། །		PUNCT
རྒྱལ་བ་	རྒྱལ་བ་	NOUN
འི་	གི་	PART
དགོངས་པ་	དགོངས་པ་	VERB
གཞན་མ་	གཞན་མ་	PRON
ཚོལ་	ཚོལ་	VERB
༑ ། ༈		PUNCT
ཨེ་མ་ཧོ་	ཨེ་མ་ཧོ་	INTJ
།		PUNCT
གཅོད་	གཅོད་	NO_POS
ནི་	ནི་	NO_POS
རྣམ་པ་	རྣམ་པ་	NOUN
ར་	ལ་	PART
རྟོག་པ་	རྟོག་པ་	VERB
གཅོད་	གཅོད་	NO_POS
། །		PUNCT
བཀའ་	བཀའ་	NOUN
ནི་	ནི་	NO_POS
རང་བཞིན་	རང་བཞིན་	NOUN
འགྱུར་བ་	འགྱུར་བ་	VERB
མེད་	མེད་	VERB
། །		PUNCT
ཚོམས་	ཚོམས་	NOUN
ནི་	ནི་	NO_POS
བཤད་པ་	བཤད་པ་	VERB
འི་	གི་	PART
ཚོམས་	ཚོམས་	NOUN
སུ་	ལ་	PART
བསྟན་	བསྟན་	VERB
། ། ༈		PUNCT
ནན་ཏན་	ནན་ཏན་	NOUN
ཉམས་མྱོང་	ཉམས་མྱོང་	NOUN
བསྟན་པ་	བསྟན་པ་	VERB
ནི་	ནི་	NO_POS
། །		PUNCT
དམིགས་པ་	དམིགས་པ་	VERB
འི་	གི་	PART
ཡུལ་	ཡུལ་	NOUN
ལ་	ལ་	ADP
ས་	གིས་	PART
འདས་པ་	འདས་པ་	VERB
སྟེ་	སྟེ་	PART
། །		PUNCT
ཉམས་	ཉམས་	NOUN
སུ་	ལ་	PART
མྱོང་བ་	མྱོང་བ་	VERB
འི་	གི་	PART
བློ་	བློ་	NOUN
དང་	དང་	NO_POS
བྲལ་	བྲལ་	VERB
། ། ༈		PUNCT
གཉན་ས་	གཉན་ས་	NO_POS
ལ་སོགས་	ལ་སོགས་	NO_POS
གཅོད་པ་	གཅོད་པ་	VERB
འི་	གི་	PART
དུས་	དུས་	NOUN
༑ །		PUNCT
ཇི་ལྟ་		
མེ་	མེ་	NOUN
ཡི་	གིས་	PART
ཚིག་པ་	ཚིག་པ་	VERB
ལ་	ལ་	PART
། །		PUNCT
མེ་	མེ་	NOUN
དེ་ཉིད་	དེ་ཉིད་	NOUN
ཀྱིས་	གིས་	PART
གདུང་བ་	གདུང་བ་	VERB
བཞིན་	བཞིན་	NOUN
། །		PUNCT
ས་	ས་	ADP
ར་	ལ་	PART
གཅོད་	གཅོད་	NO_POS
ལོག་གནོན་	ལོག་གནོན་	NO_POS
གདམས་པ་	གདམས་པ་	VERB
ནི་	ནི་	NO_POS
། །		PUNCT
རྨད་བྱུང་	རྨད་བྱུང་	NOUN
མེ་	མེ་	NOUN
ཡི་	གིས་	PART
བསྲེགས་	བསྲེགས་	NO_POS
བཏང་	བཏང་	VERB
བཞིན་	བཞིན་	NOUN
༑ ། ༈		PUNCT
རྐྱེན་	རྐྱེན་	NOUN
སྣང་	སྣང་	VERB
ཁལ་	ཁལ་	NOUN
དུ་	ལ་	PART
བཀལ་བ་	བཀལ་བ་	NO_POS
ཡིན་	ཡིན་	NO_POS
། །		PUNCT
ཁལ་	ཁལ་	NOUN
འགེལ་	འགེལ་	NO_POS
གནད་	གནད་	NOUN
ཡིན་	ཡིན་	NO_POS
གོ་བ་	གོ་བ་	VERB
ལོངས་	ལོངས་	VERB
། །		PUNCT
ཆོ་	ཆོ་	NOUN
ཀུན་	ཀུན་	DET
ཁལ་	ཁལ་	NOUN
དུ་མ་	དུ་མ་	ADJ
ཁེལ་	ཁེལ་	NO_POS
ན་	ལ་	PART
། །		PUNCT
ཞི་བདེ་	ཞི་བདེ་	OTHER
འི་	གི་	PART
གཉེན་པོ་	གཉེན་པོ་	NOUN
ས་	གིས་	PART
གྲོལ་	གྲོལ་	VERB
མི་	མི་	PART
ནུས་	ནུས་	VERB
། ། ༈		PUNCT
གཉན་ས་	གཉན་ས་	NO_POS
རི་ཁྲོད་	རི་ཁྲོད་	NOUN
འགྲིམས་	འགྲིམས་	VERB
ཤིག་	ཅིག་	PART
ཨང་	ཨང་	NO_POS
། །		PUNCT
དཔེ་	དཔེ་	NOUN
ལ་མ་	ལ་མ་	NO_POS
ཡེངས་	ཡེངས་	NO_POS
དཔེ་	དཔེ་	NOUN
ཚིག་	ཚིག་	NOUN
གིས་	གིས་	PART
། །		PUNCT
བྱིན་རླབས་	བྱིན་རླབས་	NOUN
མི་	མི་	PART
འབྱུང་	འབྱུང་	VERB
ཚིག་	ཚིག་	NOUN
དྲེད་	དྲེད་	VERB
ཁྱེ་	ཁྱེ་	VERB
། །		PUNCT
དེ་བ་	དེ་བ་	OTHER
ས་	གིས་	PART
གཉན་ས་	གཉན་ས་	NO_POS
ར་	ལ་	PART
ཉམས་	ཉམས་	NOUN
སུ་	ལ་	PART
ལོངས་	ལོངས་	VERB
། །		PUNCT
འདི་	འདི་	DET
གཞུང་	གཞུང་	NOUN
དུ་	ལ་	PART
མེད་	མེད་	VERB
ཀྱང་	ཀྱང་	PART
ཚིགས་	ཚིགས་	NOUN
བཀྲ་	བཀྲ་	NO_POS
ལེགས་	ལེགས་	VERB
ཁྱད་	ཁྱད་	NOUN
ཀྱིས་	གིས་	PART
བསྣན་པ་	བསྣན་པ་	VERB
ར་	ལ་	PART
སྣང་ངོ་	སྣང་ངོ་	NOUN
། །		PUNCT
མཆན་	མཆན་	NOUN
		
ཤེས་རབ་	ཤེས་རབ་	NOUN
ཀྱི་	གི་	PART
ཕ་རོལ་	ཕ་རོལ་	NOUN
ཏུ་	ལ་	PART
ཕྱིན་པ་	ཕྱིན་པ་	VERB
འི་	གི་	PART
མན་ངག་	མན་ངག་	NOUN
གཅོད་	གཅོད་	NO_POS
ཀྱི་	གི་	PART
བཀའ་	བཀའ་	NOUN
ཚོམས་ཆེན་	ཚོམས་ཆེན་	NO_POS
མོ་	གོ་	PART
ཞེ་	ཅེས་	PART
བྱ་བ་	བྱ་བ་	VERB
།		PUNCT
མ་	མ་	PART
གཅིག་	གཅིག་	NUM
ཡེ་ཤེས་	ཡེ་ཤེས་	NOUN
ཀྱི་	གི་	PART
མཁའ་འགྲོ་	མཁའ་འགྲོ་	NOUN
ལབ་	ལབ་	VERB
ཀྱི་	གི་	PART
སྒྲོན་མ་	སྒྲོན་མ་	NOUN
ས་	གིས་	PART
མཛད་པ་	མཛད་པ་	VERB
རྫོགས་	རྫོགས་	VERB
སོ་	གོ་	PART
།། །།		PUNCT
གཞུང་	གཞུང་	NOUN
འདི་ཉིད་	འདི་ཉིད་	OTHER
གྲ་པ་	གྲ་པ་	NOUN
ཧག་		NON_WORD
སྟོན་	སྟོན་	VERB
གྱི་	གི་	PART
དུས་	དུས་	NOUN
ཉན་བཤད་	ཉན་བཤད་	NOUN
བྱེད་པ་	བྱེད་པ་	VERB
བརྒྱད་ཅུ་	བརྒྱད་ཅུ་	NO_POS
ཙམ་	ཙམ་	DET
བྱུང་	བྱུང་	VERB
ཟེ་	ཟེ་	VERB
ལ་	ལ་	PART
།		PUNCT
སྔ་དུས་	སྔ་དུས་	NO_POS
ཀྱི་	གི་	PART
འགྲེལ་བ་	འགྲེལ་བ་	NOUN
མདོ་	མདོ་	NOUN
སྡུད་པ་	སྡུད་པ་	VERB
དང་	དང་	NO_POS
སྦྱར་བ་	སྦྱར་བ་	VERB
ཞིག་	ཅིག་	PART
ཀྱང་	ཀྱང་	PART
སྣང་	སྣང་	VERB
ཞིང་	ཅིང་	PART
།		PUNCT
ཆོ་	ཆོ་	NOUN
ཀྱི་	གི་	PART
རྗེ་	རྗེ་	NO_POS
རང་བྱུང་	རང་བྱུང་	NOUN
རྡོ་རྗེ་	རྡོ་རྗེ་	NOUN
ས་	གིས་	PART
ས་བཅད་	ས་བཅད་	NOUN
དང་	དང་	NO_POS
འགྲེལ་པ་	འགྲེལ་པ་	NOUN
ས་	གིས་	PART
མཚོན་	མཚོན་	NOUN
།		PUNCT
ཕྱི་	ཕྱི་	VERB
ཀྱི་	གི་	PART
གཞུང་འགྲེལ་	གཞུང་འགྲེལ་	NOUN
མང་	མང་	VERB
ངོ་	གོ་	PART
། །		PUNCT
འདི་	འདི་	DET
དང་	དང་	NO_POS
བྲམ་ཟེ་	བྲམ་ཟེ་	NOUN
ཨཱརྻ་		NON_WORD
དེ་བ་	དེ་བ་	OTHER
ས་	གིས་	PART
མཛད་པ་	མཛད་པ་	VERB
འི་	གི་	PART
གཞུང་	གཞུང་	NOUN
ཡིད་བཞིན་	ཡིད་བཞིན་	OTHER
ནོར་བུ་	ནོར་བུ་	NOUN
གཉིས་	གཉིས་	NUM
གཅོད་	གཅོད་	NO_POS
ཡུལ་	ཡུལ་	NOUN
གྱི་	གི་	PART
གདམས་པ་	གདམས་པ་	VERB
ཐམས་ཅད་	ཐམས་ཅད་	DET
ཀྱི་	གི་	PART
གཞི་	གཞི་	NOUN
ལྟ་བུ་	ལྟ་བུ་	NOUN
ར་	ལ་	PART
སྣང་ངོ་	སྣང་ངོ་	NOUN
། །		PUNCT
མཆན་	མཆན་	NOUN
།		PUNCT
སརྦ་	སརྦ་	NO_POS
དཱ་		NON_WORD
ཀ་	ཀ་	DET
ལྱཱཎཾ་		NON_WORD
བྷ་	བྷ་	NO_POS
ཝ་	ཝ་	OTHER
ཏུ་	ལ་	PART
།། །།		PUNCT
